-- MySQL dump 10.13  Distrib 5.7.19, for Linux (x86_64)
--
-- Host: localhost    Database: spidermanage
-- ------------------------------------------------------
-- Server version	5.7.19-0ubuntu0.16.04.1

/*!40101 SET @OLD_CHARACTER_SET_CLIENT=@@CHARACTER_SET_CLIENT */;
/*!40101 SET @OLD_CHARACTER_SET_RESULTS=@@CHARACTER_SET_RESULTS */;
/*!40101 SET @OLD_COLLATION_CONNECTION=@@COLLATION_CONNECTION */;
/*!40101 SET NAMES utf8 */;
/*!40103 SET @OLD_TIME_ZONE=@@TIME_ZONE */;
/*!40103 SET TIME_ZONE='+00:00' */;
/*!40014 SET @OLD_UNIQUE_CHECKS=@@UNIQUE_CHECKS, UNIQUE_CHECKS=0 */;
/*!40014 SET @OLD_FOREIGN_KEY_CHECKS=@@FOREIGN_KEY_CHECKS, FOREIGN_KEY_CHECKS=0 */;
/*!40101 SET @OLD_SQL_MODE=@@SQL_MODE, SQL_MODE='NO_AUTO_VALUE_ON_ZERO' */;
/*!40111 SET @OLD_SQL_NOTES=@@SQL_NOTES, SQL_NOTES=0 */;

--
-- Table structure for table `auth_group`
--

DROP TABLE IF EXISTS `auth_group`;
/*!40101 SET @saved_cs_client     = @@character_set_client */;
/*!40101 SET character_set_client = utf8 */;
CREATE TABLE `auth_group` (
  `id` int(11) NOT NULL AUTO_INCREMENT,
  `name` varchar(80) NOT NULL,
  PRIMARY KEY (`id`),
  UNIQUE KEY `name` (`name`)
) ENGINE=InnoDB DEFAULT CHARSET=utf8mb4;
/*!40101 SET character_set_client = @saved_cs_client */;

--
-- Dumping data for table `auth_group`
--

LOCK TABLES `auth_group` WRITE;
/*!40000 ALTER TABLE `auth_group` DISABLE KEYS */;
/*!40000 ALTER TABLE `auth_group` ENABLE KEYS */;
UNLOCK TABLES;

--
-- Table structure for table `auth_group_permissions`
--

DROP TABLE IF EXISTS `auth_group_permissions`;
/*!40101 SET @saved_cs_client     = @@character_set_client */;
/*!40101 SET character_set_client = utf8 */;
CREATE TABLE `auth_group_permissions` (
  `id` int(11) NOT NULL AUTO_INCREMENT,
  `group_id` int(11) NOT NULL,
  `permission_id` int(11) NOT NULL,
  PRIMARY KEY (`id`),
  UNIQUE KEY `group_id` (`group_id`,`permission_id`),
  KEY `auth_group__permission_id_1f49ccbbdc69d2fc_fk_auth_permission_id` (`permission_id`),
  CONSTRAINT `auth_group__permission_id_1f49ccbbdc69d2fc_fk_auth_permission_id` FOREIGN KEY (`permission_id`) REFERENCES `auth_permission` (`id`),
  CONSTRAINT `auth_group_permission_group_id_689710a9a73b7457_fk_auth_group_id` FOREIGN KEY (`group_id`) REFERENCES `auth_group` (`id`)
) ENGINE=InnoDB DEFAULT CHARSET=utf8mb4;
/*!40101 SET character_set_client = @saved_cs_client */;

--
-- Dumping data for table `auth_group_permissions`
--

LOCK TABLES `auth_group_permissions` WRITE;
/*!40000 ALTER TABLE `auth_group_permissions` DISABLE KEYS */;
/*!40000 ALTER TABLE `auth_group_permissions` ENABLE KEYS */;
UNLOCK TABLES;

--
-- Table structure for table `auth_permission`
--

DROP TABLE IF EXISTS `auth_permission`;
/*!40101 SET @saved_cs_client     = @@character_set_client */;
/*!40101 SET character_set_client = utf8 */;
CREATE TABLE `auth_permission` (
  `id` int(11) NOT NULL AUTO_INCREMENT,
  `name` varchar(255) NOT NULL,
  `content_type_id` int(11) NOT NULL,
  `codename` varchar(100) NOT NULL,
  PRIMARY KEY (`id`),
  UNIQUE KEY `content_type_id` (`content_type_id`,`codename`),
  CONSTRAINT `auth__content_type_id_508cf46651277a81_fk_django_content_type_id` FOREIGN KEY (`content_type_id`) REFERENCES `django_content_type` (`id`)
) ENGINE=InnoDB AUTO_INCREMENT=52 DEFAULT CHARSET=utf8mb4;
/*!40101 SET character_set_client = @saved_cs_client */;

--
-- Dumping data for table `auth_permission`
--

LOCK TABLES `auth_permission` WRITE;
/*!40000 ALTER TABLE `auth_permission` DISABLE KEYS */;
INSERT INTO `auth_permission` VALUES (1,'Can add log entry',1,'add_logentry'),(2,'Can change log entry',1,'change_logentry'),(3,'Can delete log entry',1,'delete_logentry'),(4,'Can add permission',2,'add_permission'),(5,'Can change permission',2,'change_permission'),(6,'Can delete permission',2,'delete_permission'),(7,'Can add group',3,'add_group'),(8,'Can change group',3,'change_group'),(9,'Can delete group',3,'delete_group'),(10,'Can add user',4,'add_user'),(11,'Can change user',4,'change_user'),(12,'Can delete user',4,'delete_user'),(13,'Can add content type',5,'add_contenttype'),(14,'Can change content type',5,'change_contenttype'),(15,'Can delete content type',5,'delete_contenttype'),(16,'Can add session',6,'add_session'),(17,'Can change session',6,'change_session'),(18,'Can delete session',6,'delete_session'),(19,'Can add article',7,'add_article'),(20,'Can change article',7,'change_article'),(21,'Can delete article',7,'delete_article'),(22,'Can add articel type',8,'add_articeltype'),(23,'Can change articel type',8,'change_articeltype'),(24,'Can delete articel type',8,'delete_articeltype'),(25,'Can add tag type',9,'add_tagtype'),(26,'Can change tag type',9,'change_tagtype'),(27,'Can delete tag type',9,'delete_tagtype'),(28,'Can add comment',10,'add_comment'),(29,'Can change comment',10,'change_comment'),(30,'Can delete comment',10,'delete_comment'),(31,'Can add 项目',11,'add_tproject'),(32,'Can change 项目',11,'change_tproject'),(33,'Can delete 项目',11,'delete_tproject'),(34,'Can add 项目标签',12,'add_projecttagtype'),(35,'Can change 项目标签',12,'change_projecttagtype'),(36,'Can delete 项目标签',12,'delete_projecttagtype'),(37,'Can add 项目类型',13,'add_projecttype'),(38,'Can change 项目类型',13,'change_projecttype'),(39,'Can delete 项目类型',13,'delete_projecttype'),(40,'Can add 项目评论',14,'add_comment'),(41,'Can change 项目评论',14,'change_comment'),(42,'Can delete 项目评论',14,'delete_comment'),(43,'Can add spider',15,'add_spider'),(44,'Can change spider',15,'change_spider'),(45,'Can delete spider',15,'delete_spider'),(46,'Can add database type',16,'add_databasetype'),(47,'Can change database type',16,'change_databasetype'),(48,'Can delete database type',16,'delete_databasetype'),(49,'Can add 通知',17,'add_message'),(50,'Can change 通知',17,'change_message'),(51,'Can delete 通知',17,'delete_message');
/*!40000 ALTER TABLE `auth_permission` ENABLE KEYS */;
UNLOCK TABLES;

--
-- Table structure for table `auth_user`
--

DROP TABLE IF EXISTS `auth_user`;
/*!40101 SET @saved_cs_client     = @@character_set_client */;
/*!40101 SET character_set_client = utf8 */;
CREATE TABLE `auth_user` (
  `id` int(11) NOT NULL AUTO_INCREMENT,
  `password` varchar(128) NOT NULL,
  `last_login` datetime(6) DEFAULT NULL,
  `is_superuser` tinyint(1) NOT NULL,
  `username` varchar(30) NOT NULL,
  `first_name` varchar(30) NOT NULL,
  `last_name` varchar(30) NOT NULL,
  `email` varchar(254) NOT NULL,
  `is_staff` tinyint(1) NOT NULL,
  `is_active` tinyint(1) NOT NULL,
  `date_joined` datetime(6) NOT NULL,
  PRIMARY KEY (`id`),
  UNIQUE KEY `username` (`username`)
) ENGINE=InnoDB AUTO_INCREMENT=2 DEFAULT CHARSET=utf8mb4;
/*!40101 SET character_set_client = @saved_cs_client */;

--
-- Dumping data for table `auth_user`
--

LOCK TABLES `auth_user` WRITE;
/*!40000 ALTER TABLE `auth_user` DISABLE KEYS */;
INSERT INTO `auth_user` VALUES (1,'pbkdf2_sha256$20000$Xy9DuzlXwOtd$zMqjuzNmOSJWDnX5CwNpGmkAj7KjXKsbLf5JdX7LgPs=','2017-10-09 08:05:39.686389',1,'nick','','','nickliqian@outlook.com',1,1,'2017-09-30 07:54:14.734039');
/*!40000 ALTER TABLE `auth_user` ENABLE KEYS */;
UNLOCK TABLES;

--
-- Table structure for table `auth_user_groups`
--

DROP TABLE IF EXISTS `auth_user_groups`;
/*!40101 SET @saved_cs_client     = @@character_set_client */;
/*!40101 SET character_set_client = utf8 */;
CREATE TABLE `auth_user_groups` (
  `id` int(11) NOT NULL AUTO_INCREMENT,
  `user_id` int(11) NOT NULL,
  `group_id` int(11) NOT NULL,
  PRIMARY KEY (`id`),
  UNIQUE KEY `user_id` (`user_id`,`group_id`),
  KEY `auth_user_groups_group_id_33ac548dcf5f8e37_fk_auth_group_id` (`group_id`),
  CONSTRAINT `auth_user_groups_group_id_33ac548dcf5f8e37_fk_auth_group_id` FOREIGN KEY (`group_id`) REFERENCES `auth_group` (`id`),
  CONSTRAINT `auth_user_groups_user_id_4b5ed4ffdb8fd9b0_fk_auth_user_id` FOREIGN KEY (`user_id`) REFERENCES `auth_user` (`id`)
) ENGINE=InnoDB DEFAULT CHARSET=utf8mb4;
/*!40101 SET character_set_client = @saved_cs_client */;

--
-- Dumping data for table `auth_user_groups`
--

LOCK TABLES `auth_user_groups` WRITE;
/*!40000 ALTER TABLE `auth_user_groups` DISABLE KEYS */;
/*!40000 ALTER TABLE `auth_user_groups` ENABLE KEYS */;
UNLOCK TABLES;

--
-- Table structure for table `auth_user_user_permissions`
--

DROP TABLE IF EXISTS `auth_user_user_permissions`;
/*!40101 SET @saved_cs_client     = @@character_set_client */;
/*!40101 SET character_set_client = utf8 */;
CREATE TABLE `auth_user_user_permissions` (
  `id` int(11) NOT NULL AUTO_INCREMENT,
  `user_id` int(11) NOT NULL,
  `permission_id` int(11) NOT NULL,
  PRIMARY KEY (`id`),
  UNIQUE KEY `user_id` (`user_id`,`permission_id`),
  KEY `auth_user_u_permission_id_384b62483d7071f0_fk_auth_permission_id` (`permission_id`),
  CONSTRAINT `auth_user_u_permission_id_384b62483d7071f0_fk_auth_permission_id` FOREIGN KEY (`permission_id`) REFERENCES `auth_permission` (`id`),
  CONSTRAINT `auth_user_user_permissi_user_id_7f0938558328534a_fk_auth_user_id` FOREIGN KEY (`user_id`) REFERENCES `auth_user` (`id`)
) ENGINE=InnoDB DEFAULT CHARSET=utf8mb4;
/*!40101 SET character_set_client = @saved_cs_client */;

--
-- Dumping data for table `auth_user_user_permissions`
--

LOCK TABLES `auth_user_user_permissions` WRITE;
/*!40000 ALTER TABLE `auth_user_user_permissions` DISABLE KEYS */;
/*!40000 ALTER TABLE `auth_user_user_permissions` ENABLE KEYS */;
UNLOCK TABLES;

--
-- Table structure for table `content_articeltype`
--

DROP TABLE IF EXISTS `content_articeltype`;
/*!40101 SET @saved_cs_client     = @@character_set_client */;
/*!40101 SET character_set_client = utf8 */;
CREATE TABLE `content_articeltype` (
  `id` int(11) NOT NULL AUTO_INCREMENT,
  `typename` varchar(50) NOT NULL,
  `isDelete` tinyint(1) NOT NULL,
  PRIMARY KEY (`id`)
) ENGINE=InnoDB AUTO_INCREMENT=7 DEFAULT CHARSET=utf8mb4;
/*!40101 SET character_set_client = @saved_cs_client */;

--
-- Dumping data for table `content_articeltype`
--

LOCK TABLES `content_articeltype` WRITE;
/*!40000 ALTER TABLE `content_articeltype` DISABLE KEYS */;
INSERT INTO `content_articeltype` VALUES (1,'爬虫',0),(2,'机器学习',0),(3,'验证码',0),(4,'python知识',0),(5,'Redis',0),(6,'Django',0);
/*!40000 ALTER TABLE `content_articeltype` ENABLE KEYS */;
UNLOCK TABLES;

--
-- Table structure for table `content_article`
--

DROP TABLE IF EXISTS `content_article`;
/*!40101 SET @saved_cs_client     = @@character_set_client */;
/*!40101 SET character_set_client = utf8 */;
CREATE TABLE `content_article` (
  `id` int(11) NOT NULL AUTO_INCREMENT,
  `title` varchar(1000) NOT NULL,
  `articel_id` double NOT NULL,
  `author` varchar(1000) NOT NULL,
  `release_date` datetime(6) NOT NULL,
  `update_time` datetime(6) DEFAULT NULL,
  `content` longtext NOT NULL,
  `mark` varchar(1000) NOT NULL,
  `isDelete` tinyint(1) NOT NULL,
  `articel_type_id` int(11) NOT NULL,
  `shortnote` varchar(1000) DEFAULT NULL,
  PRIMARY KEY (`id`),
  KEY `content_article_f8ea8963` (`articel_type_id`),
  CONSTRAINT `conte_articel_type_id_7e44852d1cecb3d6_fk_content_articeltype_id` FOREIGN KEY (`articel_type_id`) REFERENCES `content_articeltype` (`id`)
) ENGINE=InnoDB AUTO_INCREMENT=14 DEFAULT CHARSET=utf8mb4;
/*!40101 SET character_set_client = @saved_cs_client */;

--
-- Dumping data for table `content_article`
--

LOCK TABLES `content_article` WRITE;
/*!40000 ALTER TABLE `content_article` DISABLE KEYS */;
INSERT INTO `content_article` VALUES (1,'test',1506758405.06,'nick','2017-09-30 08:06:31.465841','2017-10-06 13:49:40.896162','<p>test</p>','无',0,1,'test'),(5,'爬虫入门任务：使用python抓取某笑话网站内容并整理到Excel',1507266284.83,'nick','2017-10-06 08:08:04.205126','2017-10-06 09:35:20.315623','<p>本文介绍入门级的爬虫任务：使用Python3的Requests和BeautifulSoup模块爬取笑话网站文本内容，并把内容整理到Excel。</p><p>话不多说，直接上代码，上面都有相应的注释。</p><pre class=\"brush:python;toolbar:false\">#抓取糗事百科笑话的脚本\r\nimport&nbsp;urllib.request\r\nfrom&nbsp;bs4&nbsp;import&nbsp;BeautifulSoup\r\nimport&nbsp;xlwt&nbsp;&nbsp;&nbsp;#写入文件\r\nimport&nbsp;xlrd&nbsp;&nbsp;&nbsp;#打开excel文件\r\nimport&nbsp;time\r\n\r\n#返回文本式的html\r\ndef&nbsp;getHTML(url):\r\n	#给头文件伪装成浏览器访问\r\n	headers&nbsp;=&nbsp;{&#39;User-Agent&#39;:&nbsp;&#39;User-Agent:Mozilla/5.0&nbsp;(Macintosh;&nbsp;Intel&nbsp;Mac&nbsp;OS&nbsp;X&nbsp;10_12_3)&nbsp;AppleWebKit/537.36&nbsp;(KHTML,&nbsp;like&nbsp;Gecko)&nbsp;Chrome/56.0.2924.87&nbsp;Safari/537.36&#39;}\r\n	req&nbsp;=&nbsp;urllib.request.Request(url,&nbsp;headers=headers)\r\n	return&nbsp;urllib.request.urlopen(req).read()\r\n\r\n#返回一个bs4_url对象\r\ndef&nbsp;creatSoup(url):\r\n	html_text&nbsp;=&nbsp;getHTML(url)\r\n	soup_0&nbsp;=&nbsp;BeautifulSoup(html_text,&#39;html5lib&#39;)\r\n	return&nbsp;soup_0\r\n\r\n#新建Excel文件和其中的一个sheet，注意传的参数是字符串格式，新建完在空间中打开，直接使用write写入数据\r\ndef&nbsp;creatExcelAndSheet(sheetName):\r\n	#新建一个excel文件\r\n	file&nbsp;=&nbsp;xlwt.Workbook(encoding&nbsp;=&nbsp;&#39;utf-8&#39;,&nbsp;style_compression&nbsp;=&nbsp;0)\r\n	#新建一个sheet\r\n	sheet&nbsp;=&nbsp;file.add_sheet(sheetName)\r\n	#返回打开的sheet对象\r\n	return&nbsp;sheet,file\r\n\r\n#执行写入Excel的程序。参数含义&nbsp;a-选择写入行，b-选择写入列，c-选择写入的内容（字符串类型）\r\ndef&nbsp;writeToSheet(a,b,c):\r\n	sheet.write(a,b,c)\r\n\r\n#抓取结束的提示信息,分别是页循环次数和内容循环次数，由于结束之前页和内容循环数还会+1.所以summary要-1\r\ndef&nbsp;summaryAllContent(a,b,url):\r\n	print(&#39;提示：抓取结束，无更多内容！&#39;)\r\n	print(&#39;------------------Summary------------------&#39;)\r\n	print(&#39;您抓取的网址为%s&#39;%url)\r\n	print(&#39;共抓取&nbsp;%d页&nbsp;共&nbsp;%d个内容&#39;%(a-1,b-1))\r\n	print(&#39;-------------------------------------------&#39;)\r\n\r\n#得到每一条内容的处理函数，根据不同的html需要修改\r\ndef&nbsp;getEachContent(eachContent):\r\n	a&nbsp;=&nbsp;eachContent.select(&#39;div&#39;)[0]\r\n	b&nbsp;=&nbsp;a.select(&#39;span&#39;)[0]\r\n	sss&nbsp;=&nbsp;&#39;&#39;\r\n	for&nbsp;s&nbsp;in&nbsp;b.strings:\r\n		sss+=s\r\n	return&nbsp;sss\r\n\r\nsheet,file&nbsp;=&nbsp;creatExcelAndSheet(&#39;data&#39;)\r\n\r\ni&nbsp;=&nbsp;1\r\nk&nbsp;=&nbsp;1\r\nwhile&nbsp;i&nbsp;&lt;24:&nbsp;\r\n	\r\n	#&nbsp;url&nbsp;=&nbsp;&#39;https://www.qiushibaike.com/8hr/page/1/?s=4991834&#39;&nbsp;根据url多页的特性，找到翻页的一个参数\r\n	url&nbsp;=&nbsp;&#39;https://www.qiushibaike.com/8hr/page/&#39;&nbsp;+&nbsp;str(i)&nbsp;+&nbsp;&#39;/?s=4991834&#39;\r\n	soup&nbsp;=&nbsp;creatSoup(url)\r\n	a_soup&nbsp;=&nbsp;soup.select(&#39;a[class=contentHerf]&#39;)&nbsp;&nbsp;#根据关键字取得按list存放的内容\r\n	contentLen&nbsp;=&nbsp;len(a_soup)&nbsp;#取得列表长度\r\n	print(&#39;Info:&nbsp;第%d页有%d个笑话&#39;%(i,contentLen))\r\n\r\n	for&nbsp;eachContent&nbsp;in&nbsp;a_soup:\r\n		sss&nbsp;=&nbsp;getEachContent(eachContent)\r\n		writeToSheet(k,0,k)\r\n		writeToSheet(k,1,sss)\r\n		print(&#39;正在获取第%d个内容...Done&#39;%k)\r\n		time.sleep(0.05)\r\n		k+=1\r\n\r\n	print(&#39;提示:&nbsp;正在获取下一页内容...&#39;)\r\n	i&nbsp;+=&nbsp;1\r\n	time.sleep(3)\r\n\r\nsummaryAllContent(i,k,url)\r\nfile.save(&#39;C:/Users/me/Desktop/糗事百科Data.xls&#39;)&nbsp;&nbsp;#这里写要保存的路径</pre><p><br/></p><p>下面是代码运行后的效果。</p><p>笑话内容看上去有些只有几个字，没关系，那是因为有图片。</p><p>后面我们会介绍如何使用python采集图片。</p><p><img src=\"/media/uploads/blog/images/20170616155625190_20171006160638_175.png\" alt=\"20170616155625190.png\" width=\"942\" height=\"538\" style=\"width: 942px; height: 538px;\"/><img src=\"/media/uploads/blog/images/20170616155645784_20171006160556_917.png\" alt=\"20170616155645784.png\" width=\"940\" height=\"446\" style=\"width: 940px; height: 446px;\"/></p>','no mark',0,1,'本文介绍入门级的爬虫任务：使用Python3的Requests和BeautifulSoup模块爬取笑话网站文本内容，并把内容整理到Excel。'),(6,'Ubuntu下安装Redis数据库，并基于Redis数据库搭建主从服务器 ',1507266284.83,'nick','2017-10-06 08:10:48.383617','2017-10-06 08:10:48.383649','<p>本文介绍如何在Ubuntu下安装Redis数据库，与基于Redis数据库搭建主从服务器。 <br/> 1. 在<a href=\"https://redis.io/\" target=\"_blank\">Redis官网</a>下载Redis稳定版 (Redis stable)。 <br/> 2. 解压安装包。</p><pre class=\"prettyprint\" name=\"code\">r&nbsp;-zxvf&nbsp;redis-3.2.5.tar.gz1</pre><p>3.复制：推荐放到usr/local目录下</p><pre class=\"prettyprint\" name=\"code\">sudo&nbsp;mv&nbsp;redis-3.2.3/*&nbsp;/usr/local/redis/1</pre><p>4.进入redis目录，此时目录中应该有redis的安装文件</p><pre class=\"prettyprint\" name=\"code\">cd&nbsp;/usr/local/redis/1</pre><p>5.生成安装所需文件</p><pre class=\"prettyprint\" name=\"code\">sudo&nbsp;make1</pre><p>6.测试安装环境和安装文件 (这段运行时间较长)</p><pre class=\"prettyprint\" name=\"code\">sudo&nbsp;make&nbsp;test1</pre><p>7.安装：在/usr/local/redis/src/目录下，执行</p><pre class=\"prettyprint\" name=\"code\">sudo&nbsp;make&nbsp;install1</pre><p>8.到这里数据库已经安装好了.</p><pre class=\"prettyprint\" name=\"code\">开启服务&nbsp;redis-server启用客户端&nbsp;redis-cli12</pre><p>不过你先不要启用，还有文件需要配置。 <br/> 9. 接下来比较重要的一步，如果要使redis能够实现主从特性和其他安全性能，需要先配置好redis.conf文件。 <br/> 10. 我们这里新建一个目录， <br/> 在/usr/local/redis/目录下 mkdir etc <br/> 并且将redis.conf移动到这里/usr/local/redis/etc/redis.conf，今后我们运行数据库，都需要在这个目录下，并且要加上配置文件一起运行 <br/> 11. 配置redis.conf <br/> 12. redis如果不开启外网访问服务，不需要特别的配置，redis-server开启服务后，就可以使用redis-cli访问。 <br/> 13. 如果需要开启外网服务，部分配置需要修改。</p><pre class=\"prettyprint\" name=\"code\">bind&nbsp;xxx.xxx.xxx.xxx&nbsp;数据库绑定ip\r\nprotected-mode&nbsp;yes/no保护模式\r\nrequirepass&nbsp;password&nbsp;密码&nbsp;个人自行选择123</pre><p>如果配置是bind 127.0.0.1或者注释了这行，使用redis-cli本机可以访问。 <br/> 如果需要远程访问，需要修改为</p><pre class=\"prettyprint\" name=\"code\">bind&nbsp;本机ip\r\nprotected-mode&nbsp;no&nbsp;关闭保护模式12</pre><p>修改后，本机要访问要使用</p><pre class=\"prettyprint\" name=\"code\">redis-cli&nbsp;-h&nbsp;本机ip1</pre><p>如果加了密码，本机访问的话</p><pre class=\"prettyprint\" name=\"code\">redis-cli&nbsp;-h&nbsp;本机ip&nbsp;-a&nbsp;密码1</pre><p>14.搭建主从服务器 <br/> 主机从机都需要开启外网访问 <br/> 从机的配置需要修改为</p><pre class=\"prettyprint\" name=\"code\">bind&nbsp;从机ip\r\nslaveof&nbsp;主机ip&nbsp;6379&nbsp;（主机端口）12</pre><p>然后重启服务就可以了 <br/> 如果服务被占用，可以使用</p><pre class=\"prettyprint\" name=\"code\">ps&nbsp;ajx|grep&nbsp;redis\r\nsudo&nbsp;kill&nbsp;-9&nbsp;redis进程号12</pre><p>强行关闭redis进程 <br/> 15.接下来开启两个机器的redis，就可以看到从机的redis直接把主机的数据备份过来了，并且主机有任何修改，从机都会在配置文件定义的时间内做出修改。&nbsp;</p>','no mark',0,5,'本文介绍如何在Ubuntu下安装Redis数据库，与基于Redis数据库搭建主从服务器，以实现附属服务器可以同步主机的数据的本地。 '),(7,'使用python Django框架来实现web端分页呈现数据 ',1507266284.83,'Nick','2017-10-06 08:12:16.253285','2017-10-06 08:12:16.253316','<p>这里介绍使用python-Django框架来实现web端分页呈现数据，主要说明对应的views，urls，templates三个文件的编程逻辑的实现。</p><p>首先介绍Django中的paginator类。paginator是Django中提供的可以实现管理数据分页的类。</p><p><code>from django.core import paginator <br/></code></p><p>下面是本文用到的paginator中的属性和方法。</p><p>Paginator对象 <br/> &nbsp; &nbsp;1. 构造：Paginator(列表,int)：返回分页的整体对象。 <br/> &nbsp; &nbsp;2. page_range：返回页码列表 [1,2,3,4…] <br/> &nbsp; &nbsp;3. page(num)：返回num页的数据内容</p><p>Page对象 <br/> &nbsp; &nbsp;1. 构造：Paginator对象的page()方法返回Page对象。 <br/> &nbsp; &nbsp;2. number：返回当前页的序号。 <br/> &nbsp; &nbsp;3. paginator：当前page对象相关的Paginator对象。page.paginator相当于Paginator对象。</p><p>A. 构造url。</p><pre class=\"prettyprint\" name=\"code\">#---urls.py------from&nbsp;django.conf.urls&nbsp;import&nbsp;urlimport&nbsp;views\r\nurlpatterns&nbsp;=&nbsp;[&nbsp;&nbsp;&nbsp;&nbsp;#&nbsp;这个url构造在根目录下\r\n&nbsp;&nbsp;&nbsp;&nbsp;#&nbsp;定义为&#39;info/数字&#39;是为了传一个页面序号为参数给视图函数\r\n&nbsp;&nbsp;&nbsp;&nbsp;#&nbsp;视图函数接收到这个数字为参数后，就可以调用对应页的数据呈现\r\n&nbsp;&nbsp;&nbsp;&nbsp;#&nbsp;例如我们输入www.xxx.com/info/3，视图函数就会接收到(request,3)两个参数\r\n&nbsp;&nbsp;&nbsp;&nbsp;url(r&#39;^info/(\\d*)$&#39;,views.info),\r\n]#---------1234567891011</pre><p>B. 编写视图函数的逻辑。</p><pre class=\"prettyprint\" name=\"code\">#---views.py---from&nbsp;django.shortcuts&nbsp;import&nbsp;render#&nbsp;这里的lcoation是定义的模型类，包含有若干条地名数据from&nbsp;models&nbsp;import&nbsp;locationfrom&nbsp;django.core&nbsp;import&nbsp;paginator#&nbsp;视图函数#&nbsp;同样，index是url传进来的页面序号def&nbsp;info(request,index):\r\n&nbsp;&nbsp;&nbsp;&nbsp;#&nbsp;获取所有的的数据，list是一个列表，包含有所有数据对应的实例对象\r\n&nbsp;&nbsp;&nbsp;&nbsp;list&nbsp;=&nbsp;location.objects.all()&nbsp;&nbsp;&nbsp;&nbsp;#&nbsp;使用Paginator方法返回一个分页的对象\r\n&nbsp;&nbsp;&nbsp;&nbsp;#&nbsp;这个对象包括所有数据，分页的情况\r\n&nbsp;&nbsp;&nbsp;&nbsp;pag&nbsp;=&nbsp;paginator.Paginator(list,3)&nbsp;&nbsp;&nbsp;&nbsp;#&nbsp;使用此判断语句是为了在用户跳转www.xxx.com/info/时也能访问第一页\r\n&nbsp;&nbsp;&nbsp;&nbsp;if&nbsp;index==&#39;&#39;:\r\n&nbsp;&nbsp;&nbsp;&nbsp;&nbsp;&nbsp;&nbsp;&nbsp;index=1\r\n&nbsp;&nbsp;&nbsp;&nbsp;#&nbsp;返回指定（index）页的数据，用于呈现在指定页上\r\n&nbsp;&nbsp;&nbsp;&nbsp;page&nbsp;=&nbsp;pag.page(index)&nbsp;&nbsp;&nbsp;&nbsp;#&nbsp;构造上下文，以便html文件中能调用对应页的数据\r\n&nbsp;&nbsp;&nbsp;&nbsp;context&nbsp;=&nbsp;{&nbsp;&nbsp;&nbsp;&nbsp;&nbsp;&nbsp;&nbsp;&nbsp;&#39;page&#39;:page,\r\n&nbsp;&nbsp;&nbsp;&nbsp;}&nbsp;&nbsp;&nbsp;&nbsp;return&nbsp;render(request,&#39;booktest/info.html&#39;,context)#---------12345678910111213141516171819202122232425</pre><p>C. 模板文件。</p><pre class=\"prettyprint\" name=\"code\">#---info.html------&lt;!DOCTYPE&nbsp;html&gt;&lt;html&nbsp;lang=&quot;en&quot;&gt;&lt;head&gt;\r\n&nbsp;&nbsp;&nbsp;&nbsp;&lt;meta&nbsp;charset=&quot;UTF-8&quot;&gt;\r\n&nbsp;&nbsp;&nbsp;&nbsp;&lt;title&gt;Title&lt;/title&gt;&lt;/head&gt;&lt;body&gt;&lt;ul&gt;\r\n&nbsp;&nbsp;&nbsp;&nbsp;#&nbsp;视图函数传进来的上下文page是指定页的数据&nbsp;&nbsp;&nbsp;&nbsp;{%&nbsp;for&nbsp;each&nbsp;in&nbsp;page&nbsp;%}\r\n&nbsp;&nbsp;&nbsp;&nbsp;#&nbsp;遍历显示每条数据&nbsp;&nbsp;&nbsp;&nbsp;&lt;li&gt;{{&nbsp;each.location_name&nbsp;}}&lt;/li&gt;\r\n&nbsp;&nbsp;&nbsp;&nbsp;{%&nbsp;endfor&nbsp;%}&lt;/ul&gt;&lt;hr&gt;\r\n&nbsp;&nbsp;&nbsp;&nbsp;#&nbsp;这里是重点\r\n&nbsp;&nbsp;&nbsp;&nbsp;#&nbsp;同样还是需要调用视图函数传进来的page页的页码\r\n&nbsp;&nbsp;&nbsp;&nbsp;#&nbsp;page.paginator得到page的paginator对象\r\n&nbsp;&nbsp;&nbsp;&nbsp;#&nbsp;page.pageinator.page_range&nbsp;page_range可以返回页面列表[1,2,3,4...]\r\n&nbsp;&nbsp;&nbsp;&nbsp;#&nbsp;遍历页面列表&nbsp;&nbsp;&nbsp;&nbsp;{%&nbsp;for&nbsp;index&nbsp;in&nbsp;page.paginator.page_range&nbsp;%}\r\n&nbsp;&nbsp;&nbsp;&nbsp;&nbsp;&nbsp;&nbsp;&nbsp;#&nbsp;page.number是视图函数现在呈现页的页码\r\n&nbsp;&nbsp;&nbsp;&nbsp;&nbsp;&nbsp;&nbsp;&nbsp;#&nbsp;这个页码不需要做超链接&nbsp;&nbsp;&nbsp;&nbsp;&nbsp;&nbsp;&nbsp;&nbsp;{%&nbsp;if&nbsp;index&nbsp;==&nbsp;page.number&nbsp;%}\r\n&nbsp;&nbsp;&nbsp;&nbsp;&nbsp;&nbsp;&nbsp;&nbsp;&lt;span&gt;{{&nbsp;index&nbsp;}}&lt;/span&gt;\r\n&nbsp;&nbsp;&nbsp;&nbsp;&nbsp;&nbsp;&nbsp;&nbsp;{%&nbsp;else&nbsp;%}\r\n&nbsp;&nbsp;&nbsp;&nbsp;&nbsp;&nbsp;&nbsp;&nbsp;#&nbsp;生成每页超链接\r\n&nbsp;&nbsp;&nbsp;&nbsp;&nbsp;&nbsp;&nbsp;&nbsp;#&nbsp;点击每一个数字对应的链接就是&#39;/info/点击的页数&#39;\r\n&nbsp;&nbsp;&nbsp;&nbsp;&nbsp;&nbsp;&nbsp;&nbsp;#&nbsp;这样在url解析的时候，又可以把这一页的编号传给视图函数\r\n&nbsp;&nbsp;&nbsp;&nbsp;&nbsp;&nbsp;&nbsp;&nbsp;#&nbsp;视图函数根据这个页码呈现对应的内容\r\n&nbsp;&nbsp;&nbsp;&nbsp;&nbsp;&nbsp;&nbsp;&nbsp;&lt;a&nbsp;href=&quot;/info/{{index}}&quot;&gt;{{&nbsp;index&nbsp;}}&lt;/a&gt;\r\n&nbsp;&nbsp;&nbsp;&nbsp;&nbsp;&nbsp;&nbsp;&nbsp;{%&nbsp;endif&nbsp;%}\r\n&nbsp;&nbsp;&nbsp;&nbsp;{%&nbsp;endfor&nbsp;%}&lt;/body&gt;&lt;/html&gt;#---------</pre><p><br/></p>','no mark',0,6,'介绍使用python-Django框架来实现web端分页呈现数据，主要说明对应的views，urls，templates三个文件的编程逻辑的实现。'),(8,'python2内置库urllib2的主要知识点',1507266284.83,'Nick','2017-10-06 08:53:32.896737','2017-10-06 08:53:32.896768','<p>python2内置的urllib2库，对于做网络爬虫有非常强大的功能，主要用在发送http请求，伪造头信息等方面。而urllib一般与之搭配着用，主要用于进行url解码和编码，通俗讲也就是将浏览器地址栏里面出现的中文转换为url编码再发送出去，以便服务器能识别。</p><p><br/></p><p>导入包</p><pre class=\"brush:python;toolbar:false\">import&nbsp;urllib\r\nimport&nbsp;urllib2</pre><p><br/></p><p>第一步，我们要构造基本请求，获得一个request的对象。</p><pre class=\"brush:python;toolbar:false\">#&nbsp;GET请求\r\nrequest&nbsp;=&nbsp;urllib2.Request(url,headers=headers)\r\n#&nbsp;POST请求\r\nrequest&nbsp;=&nbsp;urllib2.Request(url,data=data,headers=headers)</pre><p>上面提到的几个参数分别是：</p><pre class=\"brush:python;toolbar:false\">#&nbsp;url是请求的地址\r\nurl&nbsp;=&nbsp;&#39;http://www.baidu.com&#39;\r\n\r\n#&nbsp;headers代表头信息，也就是发送方的配置信息和发送方的要求，最具有代表性的就是浏览器代理名称。\r\nheaders&nbsp;=&nbsp;{&quot;User-Agent&quot;&nbsp;:&nbsp;&quot;Mozilla/5.0...&quot;,}\r\n\r\n#&nbsp;data就是post请求中发送给服务器的表单数据\r\ndata&nbsp;=&nbsp;{&quot;email&quot;:&quot;xxx&quot;,&quot;pswd&quot;:&quot;xxx&quot;}\r\n\r\n#&nbsp;使用urlencode将服务器不能识别的字符转换为url编码\r\npostdata&nbsp;=&nbsp;urllib.urlencode(data)&nbsp;#&nbsp;&nbsp;编码\r\n&nbsp;&nbsp;&nbsp;&nbsp;&nbsp;&nbsp;&nbsp;&nbsp;&nbsp;&nbsp;&nbsp;&nbsp;&nbsp;urllib.unquote(data)&nbsp;&nbsp;&nbsp;#&nbsp;解码</pre><p><br/></p><p>对于一个已经构建好的request对象，我们可以修改其头部信息。</p><pre class=\"brush:python;toolbar:false\">request.add_header(&quot;Connection&quot;,&nbsp;&quot;keep-alive&quot;)\r\nrequest.get_header(&quot;User-agent&quot;)&nbsp;#&nbsp;第一个字母大写，后面的全部小写</pre><p><br/></p><p>参数也设置好了，请求也构造好了，现在通过urlopen发送这个请求，请求成功后，会返回一个response对象附带请求到的数据。</p><pre class=\"brush:python;toolbar:false\">response&nbsp;=&nbsp;urllib2.urlopen(request)</pre><p><br/></p><p>使用response.read()即可读取到接收到的数据。</p><p>使用response.code可以查看请求代码。</p><pre class=\"brush:python;toolbar:false\">html&nbsp;=&nbsp;response.read()\r\nrequest_status_code&nbsp;=&nbsp;response.code</pre><p><br/></p><p><br/></p><p>基础的http请求有时候无法满足我们的要求，例如有时候我们需要处理cookie，有时候需要使用代理。</p><p>这时候，可以对urllib2进阶使用，构造 处理器对象（http_handler）。</p><p>三步走：</p><p>1. 处理器对象的用法与刚刚我们介绍的基础用法并没有太大的差异，不一样的地方只是多了一个自定义功能的步骤。</p><pre class=\"brush:python;toolbar:false\">#&nbsp;分别构建http和https处理器对象\r\nhttp_handler&nbsp;=&nbsp;urllib2.HTTPHandler()\r\nhttps_handler&nbsp;=&nbsp;urllib2.HTTPSHandler()\r\n\r\n#&nbsp;构建http处理器对象，但是设置了【开启debug信息】，本质上还是一样的，只是会把请求调试信息全部显示出来。\r\nhttp_handler&nbsp;=&nbsp;urllib2.HTTPHandler(debuglevel=1)\r\n\r\n#&nbsp;构建可以使用代理的http处理器对象。下面分别是两种不同的代理使用方式（公开代理和私密代理）。\r\nhttpproxy_handler&nbsp;=&nbsp;urllib2.ProxyHandler({&quot;http&quot;:&quot;a.b.c.d:p&quot;})\r\nhttpproxy_handler&nbsp;=&nbsp;urllib2.ProxyHandler({&quot;http&quot;:&quot;un:pw@a.b.c.d:p&quot;})\r\n#&nbsp;当然这个处理器也可以不设置代理\r\nnullproxy_handler&nbsp;=&nbsp;urllib2.ProxyHandler()\r\n\r\n#&nbsp;构建保存cookie信息的代理，需要导入cookielib包。\r\nimport&nbsp;cookielib\r\ncookiejar&nbsp;=&nbsp;cookielib.CookieJar()\r\ncookie_handler&nbsp;=&nbsp;handler.HTTPCookoeProcessor(cookiejar)</pre><p><br/></p><p>2. 构造完处理器，使用build_opener生成opener后就可以像基础方法一样发送http请求了。</p><pre class=\"brush:python;toolbar:false\">opener&nbsp;=&nbsp;urllib2.build_opener(httpxxx_handler)\r\nopener.addheaders&nbsp;=&nbsp;[(&quot;User-Agent&quot;,&quot;Mozilla...&quot;),(&quot;Accept&quot;,&quot;xxx&quot;)...]&nbsp;#&nbsp;给opener设置请求头</pre><p><br/></p><p>3. 实际上我们可以把处理器对象看作不同功能的http请求器，构造好处理器对象，构造好请求，就可以发送请求了。</p><pre class=\"brush:python;toolbar:false\">request&nbsp;=&nbsp;urllib2.Request(url,data=data,headers=headers)\r\nresponse&nbsp;=&nbsp;opener.open(request)</pre><p><br/></p><p>有的网站没有申请官方的ssl安全证书，urllib2会提出警告，使用如下语句就可以忽略警告。</p><pre class=\"brush:python;toolbar:false\">import&nbsp;ssl\r\ncontext&nbsp;=&nbsp;ssl._create_unverified_context()\r\nresponse&nbsp;=&nbsp;urllib2.urlopen(request,context=context)</pre><p><br/></p><p>还有一种情况，访问某些网站的时候服务器需要验证我们的身份，这个时候需要在弹框内填写账号密码，可以构建密码管理器对象进行自动访问。</p><pre class=\"brush:python;toolbar:false\">#&nbsp;构建密码管理器对象\r\n1.&nbsp;passwdmgr&nbsp;=&nbsp;urllib2.HTTPPasswordMgrWithDefaultRealm()\r\n2.&nbsp;passwdmgr.add_password(None,&nbsp;proxyserver,&nbsp;user,&nbsp;passwd)\r\n--&gt;3.&nbsp;proxyauth_handle&nbsp;=&nbsp;urllib2.ProxyBasicAuthHandler(passwdmgr)&nbsp;代理验证\r\n--&gt;3.&nbsp;httpauth_handler&nbsp;=&nbsp;urllib2.HTTPBasicAuthHandler(passwdmgr)&nbsp;&nbsp;web验证\r\n4.&nbsp;opener&nbsp;=&nbsp;urllib2.build_opener(proxyauth_handle)</pre><p><br/></p><p>后面，我们会介绍爬虫神器之——requests库。</p>','no mark',0,1,'python2内置的urllib2库，对于做网络爬虫有非常强大的功能，主要用在发送http请求，伪造头信息等方面。而urllib一般与之搭配着用，主要用于进行url解码和编码，通俗讲也就是将浏览器地址栏里面出现的中文转换为url编码再发送出去，以便服务器能识别。'),(9,'五种使用python储存数据的方式',1507266284.83,'nick','2017-10-06 09:00:03.204042','2017-10-06 09:28:12.590545','<p>在python编程开发中，总是不可避免的遇到数据储存的问题，下面就介绍python与几种数据储存方式交互的方法。</p><p><br/></p><p><span style=\"white-space:pre\"></span><span style=\"font-size: 24px;\">json文件</span></p><p>json是一种轻量级的数据交换格式。采用完全独立于编程语言的文本格式来存储和表示数据。层次结构简洁而清晰，易于人阅读和编写，同时也易于机器解析和生成，并有效地提升网络传输效率。</p><p>最主要的是，通过json这个包可以很方便的解决无论是py2还是py3中的编码问题，json的内容结构也近似于python中的字典和列表，操作起来特别方便。</p><pre class=\"brush:python;toolbar:false\">import&nbsp;json\r\n#&nbsp;此时有一个json文件，结构大概是&nbsp;[{},{},{}...]&nbsp;打开这个文件\r\n#&nbsp;使用json&nbsp;load读取文件内容，然后可以直接用列表或者字典的方式去操作con这个变量\r\ncon&nbsp;=&nbsp;json.loads(content)\r\n#&nbsp;那么如何储存为json文件呢？\r\n#&nbsp;使用dumps将列表序列化并且转换为unicode编码，储存的时候，就可以存你最喜欢的utf-8了\r\nlis&nbsp;=&nbsp;[{},{},{}...]\r\ndata&nbsp;=&nbsp;json.dumps(lis,&nbsp;ensure_ascii=False)\r\nf.write(data.encode(&#39;utf-8&#39;))</pre><p><br/></p><p><span style=\"white-space:pre\"></span><span style=\"font-size: 24px;\">csv文件</span></p><p>转换为csv文件后，我们就可以直接用excel打开拉图表了</p><pre class=\"brush:python;toolbar:false\">import&nbsp;csv\r\n#&nbsp;打开文件\r\nwith&nbsp;open(filename,&nbsp;&#39;w&#39;)&nbsp;as&nbsp;f:\r\n&nbsp;&nbsp;&nbsp;&nbsp;writer&nbsp;=&nbsp;csv.writer(f)&nbsp;#&nbsp;构造写入器\r\n&nbsp;&nbsp;&nbsp;&nbsp;data&nbsp;=&nbsp;(&#39;1&#39;,&#39;2&#39;,&#39;3&#39;)&nbsp;#&nbsp;填写三格\r\n&nbsp;&nbsp;&nbsp;&nbsp;data&nbsp;=&nbsp;(&#39;&#39;,&#39;&#39;,&#39;3&#39;)&nbsp;&nbsp;&nbsp;#&nbsp;填写一格，前两格空起来\r\n&nbsp;&nbsp;&nbsp;&nbsp;data&nbsp;=&nbsp;(&#39;1&#39;,&#39;&#39;)&nbsp;&nbsp;&nbsp;&nbsp;&nbsp;&nbsp;#&nbsp;填写第一格，后面无论多少格都空起来\r\n&nbsp;&nbsp;&nbsp;&nbsp;writer.writerow(data)&nbsp;&nbsp;#&nbsp;writerow每执行一次，写入一行&nbsp;注意其中的参数data需要是一个元组</pre><pre class=\"brush:bash;toolbar:false;\">#&nbsp;注意，在windows中，打开文件需要使用\r\nwith&nbsp;open(filename,&nbsp;&#39;w&#39;,&nbsp;newline=&#39;&#39;)&nbsp;as&nbsp;f:\r\n#&nbsp;否则每写一行都会多一个空行\r\n#&nbsp;原因是&nbsp;windows中换行符号是&nbsp;\\n\\r&nbsp;，csv库中并没有做特别的处理,所以会产生空行</pre><p><br/></p><p><span style=\"white-space:pre\"></span><span style=\"font-size: 24px;\">MySQL数据库</span></p><p><span style=\"font-size: 16px;\">应该是最常用的操作了，使用mysql的优点是看数据真的很直观（如果使用GUI程序的话）</span></p><pre class=\"brush:python;toolbar:false\">导入包略微不一样\r\n@python3\r\nimport&nbsp;pymysql\r\n@python2\r\nimport&nbsp;MySQLdb\r\n\r\n#&nbsp;建立连接&nbsp;注意数据库写入数据时数据的编码\r\nconn&nbsp;=&nbsp;MySQLdb.connect(host=&#39;localhost&#39;,&nbsp;port=3306,&nbsp;db=&#39;test&#39;,\r\nuser=&#39;root&#39;,&nbsp;passwd=&#39;&#39;,&nbsp;charset=&#39;utf8&#39;)\r\n\r\n#&nbsp;新建游标&nbsp;游标操作sql语句\r\ncur&nbsp;=&nbsp;conn.cursor()\r\nresult&nbsp;=&nbsp;cur.execute(&quot;insert&nbsp;into&nbsp;students(name)&nbsp;values(&#39;Jack&#39;)&quot;)\r\nresult&nbsp;=&nbsp;cur.execute(&quot;insert&nbsp;into&nbsp;students(name,age)&nbsp;values(%s,%s)&quot;,&nbsp;params)\r\n\r\n#&nbsp;sql对数据库数据有改变的时候，使用commit()提交，否则不生效\r\nconn.commit()\r\n\r\n#&nbsp;返回数据到python，使用fetchone和fetchall从内存中取数据，取了一个清空一个\r\ncur.execute(&#39;select&nbsp;*&nbsp;from&nbsp;students&nbsp;where&nbsp;id&nbsp;between&nbsp;1&nbsp;and&nbsp;5&#39;)\r\nresult=cur.fetchone()\r\nresult=cur.fetchall()\r\n\r\n#&nbsp;最后记得关闭连接\r\ncur.close()\r\nconn.close()</pre><p><br/></p><p><span style=\"white-space:pre\"></span><span style=\"font-size: 24px;\">Redis数据库</span></p><p>优点是方便，速度快，需要注意的是取出的数据是二进制数据，一般需要转为字符串再操作。</p><p>操作大全：&nbsp;<a href=\"http://www.cnblogs.com/melonjiang/p/5342505.html\" target=\"_blank\">python-redis操作大全</a></p><pre class=\"brush:python;toolbar:false\">import&nbsp;redis\r\n\r\n#&nbsp;建立连接\r\nclient&nbsp;=&nbsp;redis.Redis(host=&#39;lcoalhost&#39;,&nbsp;port=6379)\r\n\r\n#&nbsp;操作数据\r\nclient.set(&#39;nums&#39;,&nbsp;[1,2,3,4,5])\r\nresult&nbsp;=&nbsp;client.get(&#39;name&#39;)\r\n\r\n#&nbsp;使用事务（避免失败操作导致数据只操作了一半）\r\npipe&nbsp;=&nbsp;client.pipeline()\r\npipe.set(&#39;name&#39;,&nbsp;&#39;Jack&#39;)\r\npipe.execute()</pre><p><span style=\"font-size: 24px;\"><br/></span></p><p><span style=\"font-size: 24px;\">Mongdb数据库</span></p><p><span style=\"font-size: 24px;\"><span style=\"font-size: 16px;\">优点是不在乎数据结构，需要注意的是取出来的时候要写个脚本整理一下。</span><br/></span></p><pre class=\"brush:python;toolbar:false\">import&nbsp;pymongo\r\n\r\n#&nbsp;建立连接&nbsp;指定数据表\r\nclient&nbsp;=&nbsp;pymongo.MongoClient(&#39;localhost&#39;,&nbsp;27017)\r\ntest1_db&nbsp;=&nbsp;client.test1\r\nsheet_stu&nbsp;=&nbsp;db.stu\r\n\r\n#&nbsp;操作数据\r\ninfo&nbsp;=&nbsp;{name:&#39;Jack&#39;,age:18}\r\ninfo_id&nbsp;=&nbsp;stu.insert_one(info).inserted_id\r\ncur_list&nbsp;=&nbsp;[cur&nbsp;for&nbsp;cur&nbsp;in&nbsp;stu.find()]\r\ncount&nbsp;=&nbsp;stu.count()</pre><p><br/></p><p><br/></p>','no mark',0,4,'在python编程开发中，总是不可避免的遇到数据储存的问题，下面就介绍python与五种数据储存方式交互的方法，包括json文件/csv文件/mysql/redis/mongodb数据库。'),(10,'selenium模块常用方法整理',1507266284.83,'nick','2017-10-06 09:42:44.821219','2017-10-06 09:42:44.821255','<p><br/></p><p>0.新建实例</p><pre class=\"brush:python;toolbar:false\">driver&nbsp;=&nbsp;webdriver.Chrome()</pre><p>1.通过标签属性Id查找元素</p><pre class=\"brush:python;toolbar:false\">方法：find_element_by_id(element_id)\r\n实例：driver.find_element_by_id(&quot;iptUsername&quot;)</pre><p>2.通过标签属性name查找元素</p><pre class=\"brush:python;toolbar:false\">方法：find_element_by_name(element_name)\r\n实例：driver.find_element_by_id(&quot;inputPwname&quot;)</pre><p>3.通过标签Xpath路径查找元素</p><pre class=\"brush:python;toolbar:false\">方法：find_element_by_xpath(xpath)\r\n实例：driver.find_element_by_xpath(&quot;//div[@id=&#39;menuContainer&#39;]/div/div/ul/li[4]/a&quot;)</pre><p>4.通过标签名tagname查找元素</p><pre class=\"brush:python;toolbar:false\">方法：find_element_by_tag_name(tag_name)\r\n实例：driver.find_element_by_tag_name(&quot;input&quot;)\r\n注意：通过tag_name查找时使用find_element_by_tag_name查找到的是第一个标签的tag_name</pre><p>5.通过标签中的元素文本链接查找元素</p><pre class=\"brush:python;toolbar:false\">方法：find_element_by_link_text(link_text)\r\n实例：driver.find_element_by_link_text(&#39;登&nbsp;&nbsp;录&#39;)</pre><p>6.通过标签的class属性查找元素</p><pre class=\"brush:python;toolbar:false\">方法：find_elements_by_class_name(class_name)\r\n实例：driver.find_elements_by_class_name(&quot;x-panel-body&quot;)</pre><p>7.通过css样式查找元素</p><pre class=\"brush:python;toolbar:false\">方法：find_element_by_css_selector()\r\n实例：driver.find_element_by_css_selector(&quot;input.btn&quot;)&nbsp;温馨提示：find_elements_by_id()查询到的是一个集合，如果id名字重复的时候可以采取find_elements_by_id()，其他的查询方式同理；</pre><p>8.浏览器中加载url</p><pre class=\"brush:python;toolbar:false\">方法：get(url)\r\n实例：driver.get(&quot;http//:www.baidu.com&quot;)</pre><p>9.向前</p><pre class=\"brush:python;toolbar:false\">方法：forward()\r\n实例：driver.forward()</pre><p>10.返回当前会话中的cookies</p><pre class=\"brush:python;toolbar:false\">方法：get_cookies()\r\n实例：driver.get_cookies()</pre><p>11.根据cookie name 查找</p><pre class=\"brush:python;toolbar:false\">方法：driver.get_cookie(cookie_name)\r\n实例：driver.get_cookie(&quot;NET_SessionId&quot;)</pre><p>12.截取当前页面</p><pre class=\"brush:python;toolbar:false\">方法：get_screenshot_as_file(filename)\r\n实例：driver.get_screenshot_as_file(&quot;D:\\\\Program&nbsp;Files\\\\Python27\\\\NM.bmp&quot;)</pre><p>13.获取当前窗口的坐标</p><pre class=\"brush:python;toolbar:false\">方法：get_window_position()\r\n实例：driver.get_window_position()</pre><p>14.获取当前窗口的长和宽</p><pre class=\"brush:python;toolbar:false\">方法：get_window_size()\r\n实例：driver.get_window_size()</pre><p>15.获取当前页面的Url函数</p><pre class=\"brush:python;toolbar:false\">方法：current_url\r\n实例：driver.current_url</pre><p>16.获取元素坐标</p><pre class=\"brush:python;toolbar:false\">方法：location\r\n解释：首先查找到你要获取元素的，然后调用location方法\r\n实例：driver.find_element_by_xpath(&quot;//*[@id=&#39;tablechart&#39;]/tbody/tr[14]/td[9]&quot;).location</pre><p>17.表单的提交</p><pre class=\"brush:python;toolbar:false\">方法：submit\r\n解释:查找到表单（from）直接调用submit即可\r\n实例：driver.find_element_by_id(&quot;form1&quot;).submit()</pre><p>18.获取CSS的属性值</p><pre class=\"brush:python;toolbar:false\">方法：value_of_css_property(css_name)\r\n实例：driver.find_element_by_css_selector(&quot;input.btn&quot;).value_of_css_property(&quot;input.btn&quot;)</pre><p>19.获取元素的属性值</p><pre class=\"brush:python;toolbar:false\">方法：get_attribute(element_name)\r\n实例：driver.find_element_by_id(&quot;sellaiyuan&quot;).get_attribute(&quot;sellaiyuan&quot;)</pre><p>20.判断元素是否被选中</p><pre class=\"brush:python;toolbar:false\">方法：is_selected()\r\n实例：driver.find_element_by_id(&quot;form1&quot;).is_selected()</pre><p>21.返回元素的大小</p><pre class=\"brush:python;toolbar:false\">方法：size\r\n实例：driver.find_element_by_id(&quot;iptPassword&quot;).size\r\n返回值：{&#39;width&#39;:&nbsp;250,&nbsp;&#39;height&#39;:&nbsp;30}</pre><p>22.判断元素是否显示</p><pre class=\"brush:python;toolbar:false\">方法：is_displayed()\r\n实例：driver.find_element_by_id(&quot;iptPassword&quot;).is_displayed()</pre><p>23.判断元素是否被使用</p><pre class=\"brush:python;toolbar:false\">方法：is_enabled()\r\n实例：driver.find_element_by_id(&quot;iptPassword&quot;).is_enabled()</pre><p>24.获取元素的文本值</p><pre class=\"brush:python;toolbar:false\">方法：text\r\n实例：driver.find_element_by_id(&quot;iptUsername&quot;).text</pre><p>25.元素赋值</p><pre class=\"brush:python;toolbar:false\">方法：send_keys(*values)\r\n实例：driver.find_element_by_id(&quot;iptUsername&quot;).send_keys(&#39;admin&#39;)\r\n&nbsp;&nbsp;&nbsp;&nbsp;&nbsp;&nbsp;driver.find_element_by_id(&quot;iptUsername&quot;).send_keys(u&#39;青春&#39;)</pre><p>26.返回元素的tagName</p><pre class=\"brush:python;toolbar:false\">方法：tag_name\r\n实例：driver.find_element_by_id(&quot;iptUsername&quot;).tag_name</pre><p>27.删除浏览器所以的cookies</p><pre class=\"brush:python;toolbar:false\">方法：delete_all_cookies()\r\n实例：driver.delete_all_cookies()</pre><p>28.删除指定的cookie</p><pre class=\"brush:python;toolbar:false\">方法：delete_cookie(name)\r\n实例：deriver.delete_cookie(&quot;my_cookie_name&quot;)</pre><p>29.关闭浏览器</p><pre class=\"brush:python;toolbar:false\">方法：close()\r\n实例：driver.close()</pre><p>30.关闭浏览器并且推出驱动程序</p><pre class=\"brush:python;toolbar:false\">方法：quit()\r\n实例：driver.quit()</pre><p>31.返回上一页</p><pre class=\"brush:python;toolbar:false\">方法：back()\r\n实例：driver.back()</pre><p>32.设置等待超时</p><pre class=\"brush:python;toolbar:false\">方法：implicitly_wait(wait_time)\r\n实例：driver.implicitly_wait(30)</pre><p>33.浏览器窗口最大化</p><pre class=\"brush:python;toolbar:false\">方法：maximize_window()\r\n实例：driver.maximize_window()</pre><p>34.查看浏览器的名字</p><pre class=\"brush:python;toolbar:false\">方法：name\r\n实例：drvier.name</pre><p><br/></p>','no mark',0,4,'本文总结了使用selenium过程中常用的方法。'),(11,'使用selenium操作PhantomJS的常用操作',1507266284.83,'Nick','2017-10-06 11:01:10.203384','2017-10-06 11:01:10.203422','<p>采集淘宝商品数据的时候，主要用到了Selenium+PhantomJS。在这个过程中对淘宝的严厉反爬措施佩服至极，个人也得到了很多成长。虽然历经曲折，最终还是能正常运行自己的脚本采集数据。</p><p>这里总结一下Selenium+PhantomJS使用中常用的操作。</p><p><br/></p><p>设置等待时间隐式等待，等同于time.sleep()</p><pre class=\"brush:python;toolbar:false\">driver.implicitly_wait(40)</pre><p><br/></p><p>设置PhantomJS发送和接收请求的相关参数</p><pre class=\"brush:python;toolbar:false\">#&nbsp;构造一个PHANTOMJS对象\r\nphan&nbsp;=&nbsp;dict(DesiredCapabilities.PHANTOMJS)\r\n\r\n#&nbsp;在运行前修改对象参数\r\n\r\n#设置user-agent请求头\r\nUserAgent&nbsp;=&nbsp;&quot;...&quot;\r\nphan[&quot;phantomjs.page.settings.userAgent&quot;]&nbsp;=&nbsp;(UserAgent)\r\n\r\n#&nbsp;禁止加载图片\r\nphan[&quot;phantomjs.page.settings.loadImages&quot;]&nbsp;=&nbsp;False&nbsp;\r\n\r\n#&nbsp;设置请求cookie\r\nphan[&quot;phantomjs.page.customHeaders.Cookie&quot;]&nbsp;=&nbsp;&#39;SINAGLOBAL=3955422793326.2764.1451802953297;&nbsp;\r\n&#39;\r\n#&nbsp;禁用缓存\r\nphan[&quot;phantomjs.page.settings.disk-cache&quot;]&nbsp;=&nbsp;True&nbsp;\r\n\r\n#&nbsp;&nbsp;设置代理\r\nservice_args&nbsp;=&nbsp;[&#39;--proxy=127.0.0.1:9999&#39;,&#39;--proxy-type=socks5&#39;]\r\n\r\n#&nbsp;加载自定义配置\r\ndriver&nbsp;=&nbsp;webdriver.PhantomJS(r&quot;D:\\phantomjs-2.1.1-windows\\bin\\phantomjs.exe&quot;,desired_capabilities=phan,service_args=service_args)\r\n\r\n#&nbsp;设定get&nbsp;url最大等待时间，规定时间内没有响应就会报错\r\n#&nbsp;&nbsp;类似于requests.get()的timeout选项，但driver.get()没有timeout选项\r\ndriver.set_page_load_timeout(40)\r\n\r\n#&nbsp;设置脚本超时时间\r\ndriver.set_script_timeout(10)</pre><p><br/></p><p>关于PhantomJS对象的settings 参数&nbsp;</p><pre class=\"brush:python;toolbar:false\">phan[&quot;phantomjs.page.settings.xxxx&quot;]&nbsp;=&nbsp;xxxx</pre><p>该属性存储请求/接收的各种设置：</p><ul class=\" list-paddingleft-2\" style=\"list-style-type: disc;\"><li><p>javascriptEnabled定义是否在页面中执行脚本（默认为true）。</p></li><li><p>loadImages定义是否加载内联图像（默认为true）。</p></li><li><p>localToRemoteUrlAccessEnabled定义本地资源（例如从文件）是否可以访问远程URL（默认为false）。</p></li><li><p>userAgent 定义当网页请求资源时发送到服务器的用户代理。</p></li><li><p>userName 设置用于HTTP身份验证的用户名。</p></li><li><p>password 设置用于HTTP身份验证的密码。</p></li><li><p>XSSAuditingEnabled定义是否应监视加载请求以进行跨站点脚本尝试（默认为false）。</p></li><li><p>webSecurityEnabled定义是否启用Web安全性（默认为true）。</p></li><li><p>resourceTimeout（以毫秒为单位）定义超时时间，所请求的资源将停止尝试并继续执行页面的其他部分。onResourceTimeout回调将在超时时调用。</p></li></ul><p><br/></p><p>切换到操作iframe</p><pre class=\"brush:python;toolbar:false\">flag&nbsp;=&nbsp;driver.find_element_by_tag_name(&#39;iframe&#39;)\r\ndriver.switch_to.frame(flag)</pre><p>切换回操作主窗口</p><pre class=\"brush:python;toolbar:false\">driver.switch_to.default_content()</pre><p><br/></p><p style=\"white-space: normal;\">获得session_id&nbsp; page_source&nbsp; get_cookies()</p><pre class=\"brush:python;toolbar:false\">browser.session_id\r\nbrowser.page_source\r\nbrowser.get_cookies()</pre><p><br/></p><p>另外使用phantomjs多线程会有异常卡死的情况，尽量使用多进程。</p><pre class=\"brush:python;toolbar:false\">from&nbsp;multiprocessing&nbsp;import&nbsp;Pool\r\npool&nbsp;=&nbsp;Pool(8)\r\ndata_list&nbsp;=&nbsp;pool.map(func,&nbsp;url_list)\r\npool.close()\r\npool.join()</pre><p><br/></p><p>对于有可能异常退出情况，最好加一句driver.quit()，否则程序退出了但是phantomjs没有退出，一直占用资源。</p><pre class=\"brush:python;toolbar:false\">driver.quit()</pre><p><br/></p><p>使用chrome时，可以隐藏chrome的界面运行</p><pre class=\"brush:python;toolbar:false\">from&nbsp;pyvirtualdisplay&nbsp;import&nbsp;Display\r\ndisplay&nbsp;=&nbsp;Display(visible=0,&nbsp;size=(800,800))\r\ndisplay.start()</pre><p><br/></p><p>设置代理，清空缓存重新打开</p><p>利用DesiredCapabilities(代理设置)参数值，重新打开一个sessionId，我看意思就相当于浏览器清空缓存后，加上代理重新访问一次url</p><pre class=\"brush:python;toolbar:false\">proxy=webdriver.Proxy()\r\nproxy.proxy_type=ProxyType.MANUAL\r\nproxy.http_proxy=&#39;1.9.171.51:800&#39;\r\n#&nbsp;将代理设置添加到webdriver.DesiredCapabilities.PHANTOMJS中\r\nproxy.add_to_capabilities(webdriver.DesiredCapabilities.PHANTOMJS)\r\nbrowser.start_session(webdriver.DesiredCapabilities.PHANTOMJS)\r\nbrowser.get(&#39;http://1212.ip138.com/ic.asp&#39;)</pre><p><br/></p><p>还原到系统（自己的ip）代理</p><pre class=\"brush:python;toolbar:false\">proxy=webdriver.Proxy()\r\nproxy.proxy_type=ProxyType.DIRECT\r\nproxy.add_to_capabilities(webdriver.DesiredCapabilities.PHANTOMJS)\r\nbrowser.start_session(webdriver.DesiredCapabilities.PHANTOMJS)\r\nbrowser.get(&#39;http://1212.ip138.com/ic.asp&#39;)</pre><p><br/></p><p><br/></p>','no mark',0,1,'介绍使用Selenium+PhantomJ采集数据的过程中的常用操作。'),(12,'使用phantomjs访问网站，高度自定义headers',1507266284.83,'Nick','2017-10-06 11:13:12.818061','2017-10-06 13:46:42.766746','<p>由于在遇到的一个网站需要cookie才能访问成功，所以研究了一下如何给phantomjs设置cookie。既然能设置cookie，那么其余的头信息应该也能设置，下面就给大家说明如何实现。<br/></p><p>下面是我们要附带给phantomjs浏览器的headers信息。</p><pre class=\"brush:python;toolbar:false\">headers&nbsp;=&nbsp;{\r\n&nbsp;&nbsp;&nbsp;&nbsp;&#39;accept&#39;:&nbsp;&quot;text/html,application/xhtml+xml,application/xml;q=0.9,image/webp,image/apng,*/*;q=0.8&quot;,\r\n&nbsp;&nbsp;&nbsp;&nbsp;&#39;accept-language&#39;:&nbsp;&quot;zh-CN,zh;q=0.8&quot;,\r\n&nbsp;&nbsp;&nbsp;&nbsp;&#39;cache-control&#39;:&nbsp;&quot;no-cache&quot;,\r\n&nbsp;&nbsp;&nbsp;&nbsp;&#39;cookie&#39;:&nbsp;&quot;miid=165455699654368GLfgXOlF-KOKx&quot;,\r\n&nbsp;&nbsp;&nbsp;&nbsp;&#39;upgrade-insecure-requests&#39;:&nbsp;&quot;1&quot;,\r\n&nbsp;&nbsp;&nbsp;&nbsp;#&nbsp;使用phantomjs时，如果加了下面这句，有可能就会收到压缩后的数据\r\n&nbsp;&nbsp;&nbsp;&nbsp;#&nbsp;如果你在自定义headers后收到了乱码，尝试禁止接收gzip格式数据\r\n&nbsp;&nbsp;&nbsp;&nbsp;&#39;accept-encoding&#39;:&nbsp;&quot;gzip,&nbsp;deflate,&nbsp;br&quot;,&nbsp;\r\n}</pre><p><br/></p><p>重点来了。</p><pre class=\"brush:python;toolbar:false\">#&nbsp;构造PHANTOMJS对象以自定义设置\r\nphan&nbsp;=&nbsp;dict(DesiredCapabilities.PHANTOMJS)\r\n#&nbsp;禁止加载图片\r\nphan[&quot;phantomjs.page.settings.loadImages&quot;]&nbsp;=&nbsp;laodpic\r\n\r\n#&nbsp;设置完整的请求头，遍历headers这个字典，使用format构造所有的customHeaders的值\r\nfor&nbsp;key,value&nbsp;in&nbsp;get_headers().items():\r\n&nbsp;&nbsp;&nbsp;&nbsp;capability_key&nbsp;=&nbsp;&#39;phantomjs.page.customHeaders.{}&#39;.format(key)\r\n&nbsp;&nbsp;&nbsp;&nbsp;phan[capability_key]&nbsp;=&nbsp;value\r\n&nbsp;&nbsp;&nbsp;&nbsp;\r\n&nbsp;&nbsp;&nbsp;&nbsp;#&nbsp;可以另外设置user-agent，我们这里引入自定义函数，每次构造的时候都使用不同的user-agent\r\n&nbsp;&nbsp;&nbsp;&nbsp;#&nbsp;本次设置可以覆盖上面的设置\r\n&nbsp;&nbsp;&nbsp;&nbsp;phan[&quot;phantomjs.page.settings.userAgent&quot;]&nbsp;=&nbsp;(get_useragent())</pre><p><br/></p>','no mark',0,1,'由于在遇到的一个网站需要cookie才能访问成功，所以研究了一下如何给phantomjs设置cookie。既然能设置cookie，那么其余的头信息应该也能设置，下面就给大家说明如何实现。'),(13,'使用python生成验证码图片(一)',1507266284.83,'Nick','2017-10-06 15:10:33.929066','2017-10-06 15:10:33.929133','<p>本文使用python写了一个随机生成验证码图片的脚本。仅仅实现了生成的验证码图片内容的随机性，没有进行扭曲，旋转等处理。</p><p>代码分为三个模块:</p><ol class=\" list-paddingleft-2\" style=\"list-style-type: decimal;\"><li><p>get_text(mode=&#39;number/word/mix&#39;,count=4)</p><p>返回一个随机数字或者字母的字符串。</p></li><li><p>get_random_font()</p><p>返回一个随机的字体路径。</p></li><li><p>get_captcha(mode=&#39;mix&#39;, count=4, random_font=False)</p><p>选择验证码内容，字数和是否每次都使用随机字体。生成验证码图片并保存。</p></li></ol><p><img src=\"/media/uploads/blog/images/随机字体验证码_20171006230904_881.png\" alt=\"随机字体验证码.png\"/></p><p><br/></p><p>代码如下：</p><pre class=\"brush:python;toolbar:false\">import&nbsp;random\r\nfrom&nbsp;PIL&nbsp;import&nbsp;Image,ImageDraw,ImageFont\r\nimport&nbsp;os\r\n\r\n#&nbsp;三种模式获得一个随机的指定位数的字符串:&nbsp;number-纯数字,&nbsp;word-纯字母,&nbsp;mix-数字和字母混合\r\ndef&nbsp;get_text(mode=&#39;number&#39;,count=4):\r\n	number_list&nbsp;=&nbsp;[&#39;0&#39;,&#39;1&#39;,&#39;2&#39;,&#39;3&#39;,&#39;4&#39;,&#39;5&#39;,&#39;6&#39;,&#39;7&#39;,&#39;8&#39;,&#39;9&#39;]\r\n	word_list&nbsp;=&nbsp;[&nbsp;&#39;A&#39;,&nbsp;&#39;B&#39;,&nbsp;&#39;C&#39;,&nbsp;&#39;D&#39;,&nbsp;&#39;E&#39;,&nbsp;&#39;F&#39;,&nbsp;&#39;G&#39;,&nbsp;&#39;H&#39;,&#39;I&#39;,&#39;J&#39;,&nbsp;&#39;K&#39;,&#39;L&#39;,&nbsp;&#39;M&#39;,&nbsp;&#39;N&#39;,&#39;O&#39;,&#39;P&#39;,&#39;Q&#39;,&#39;R&#39;,&#39;S&#39;,&nbsp;&#39;T&#39;,&nbsp;&#39;U&#39;,&nbsp;&#39;V&#39;,&nbsp;&#39;W&#39;,&nbsp;&#39;Z&#39;,&#39;X&#39;,&nbsp;&#39;Y&#39;]\r\n	if&nbsp;mode&nbsp;==&nbsp;&#39;number&#39;:\r\n		return&nbsp;&#39;&#39;.join(random.sample(number_list,&nbsp;count))\r\n	elif&nbsp;mode&nbsp;==&nbsp;&#39;word&#39;:\r\n		return&nbsp;&#39;&#39;.join(random.sample(word_list,&nbsp;count))\r\n	else:\r\n		return&nbsp;&#39;&#39;.join(random.sample(number_list&nbsp;+&nbsp;word_list,&nbsp;count))\r\n\r\n\r\n#&nbsp;获得一个随机的字体文件路径\r\ndef&nbsp;get_random_font():\r\n	#&nbsp;获取字体目录下所有文件\r\n	font_path&nbsp;=&nbsp;&#39;C:/Windows/Fonts/&#39;\r\n	font_list&nbsp;=&nbsp;os.listdir(font_path)\r\n\r\n	#&nbsp;遍历所有文件，保留ttf文件，返回这个列表\r\n	ttf_list&nbsp;=&nbsp;[]\r\n	for&nbsp;font_file&nbsp;in&nbsp;font_list:\r\n		if&nbsp;font_file.endswith(&#39;.ttf&#39;):\r\n			ttf_list.append(font_file)\r\n\r\n	my_font&nbsp;=&nbsp;random.choice(ttf_list)\r\n	return&nbsp;font_path&nbsp;+&nbsp;my_font\r\n\r\n\r\n#字符串写入图片，生成验证码图片\r\ndef&nbsp;get_captcha(mode=&#39;mix&#39;,&nbsp;count=4,&nbsp;random_font=False):\r\n	#导入字体\r\n	if&nbsp;random_font&nbsp;==&nbsp;False:\r\n		font_path&nbsp;=&nbsp;&#39;C:/Windows/Fonts/ARIALN.TTF&#39;\r\n	else:\r\n		font_path&nbsp;=&nbsp;get_random_font()\r\n	font&nbsp;=&nbsp;ImageFont.truetype(font_path,40)\r\n	captcha_path&nbsp;=&nbsp;&#39;./&#39;\r\n\r\n	#&nbsp;生成字符串\r\n	text&nbsp;=&nbsp;get_text(mode,&nbsp;count)\r\n\r\n	#&nbsp;根据指定字体字符串的尺寸，计算出字符串放在图片中间时的坐标\r\n	font_width,&nbsp;font_height&nbsp;=&nbsp;font.getsize(text)\r\n	#size=(宽度,高度)&nbsp;图片大小会根据字数调整，同时字符串总数会在图片的中间位置\r\n	width&nbsp;=&nbsp;font_width&nbsp;+&nbsp;20&nbsp;+&nbsp;count\r\n	height&nbsp;=&nbsp;font_height&nbsp;+&nbsp;20&nbsp;+&nbsp;count//5\r\n	size&nbsp;=&nbsp;width,&nbsp;height\r\n	start_point&nbsp;=&nbsp;((width&nbsp;-&nbsp;font_width)&nbsp;/&nbsp;2,&nbsp;(height&nbsp;-&nbsp;font_height)&nbsp;/&nbsp;2)\r\n\r\n	#背景颜色/字体颜色/字体路径\r\n	bgcolor&nbsp;=&nbsp;(255,255,255)\r\n	fontcolor&nbsp;=&nbsp;(0,0,0)\r\n	\r\n	#创建图片画布\r\n	image&nbsp;=&nbsp;Image.new(&#39;RGBA&#39;,size,bgcolor)\r\n\r\n	#&nbsp;创建画笔并使用字符串填充图片\r\n	draw&nbsp;=&nbsp;ImageDraw.Draw(image)&nbsp;&nbsp;\r\n	draw.text((start_point),&nbsp;text,&nbsp;font=&nbsp;font,&nbsp;fill=fontcolor)&nbsp;\r\n\r\n	#&nbsp;保存图片到当前文件夹\r\n	image.save(captcha_path&nbsp;+&nbsp;text&nbsp;+&nbsp;&#39;.png&#39;)\r\n\r\n\r\nif&nbsp;__name__&nbsp;==&nbsp;&#39;__main__&#39;:\r\n	get_captcha(&#39;mix&#39;,&nbsp;4,&nbsp;random_font=True)</pre><p><br/></p><p>后续会更新文章对这些验证码进行复杂度处理和图像识别。</p>','no mark',0,3,'本文使用python写了一个随机生成验证码图片的脚本。仅仅实现了生成的验证码图片内容的随机性，没有进行扭曲，旋转等处理。');
/*!40000 ALTER TABLE `content_article` ENABLE KEYS */;
UNLOCK TABLES;

--
-- Table structure for table `content_article_articel_tag`
--

DROP TABLE IF EXISTS `content_article_articel_tag`;
/*!40101 SET @saved_cs_client     = @@character_set_client */;
/*!40101 SET character_set_client = utf8 */;
CREATE TABLE `content_article_articel_tag` (
  `id` int(11) NOT NULL AUTO_INCREMENT,
  `article_id` int(11) NOT NULL,
  `tagtype_id` int(11) NOT NULL,
  PRIMARY KEY (`id`),
  UNIQUE KEY `article_id` (`article_id`,`tagtype_id`),
  KEY `content_articl_tagtype_id_25a618bda9b1e44e_fk_content_tagtype_id` (`tagtype_id`),
  CONSTRAINT `content_articl_article_id_3ba6fb2607c59900_fk_content_article_id` FOREIGN KEY (`article_id`) REFERENCES `content_article` (`id`),
  CONSTRAINT `content_articl_tagtype_id_25a618bda9b1e44e_fk_content_tagtype_id` FOREIGN KEY (`tagtype_id`) REFERENCES `content_tagtype` (`id`)
) ENGINE=InnoDB AUTO_INCREMENT=68 DEFAULT CHARSET=utf8mb4;
/*!40101 SET character_set_client = @saved_cs_client */;

--
-- Dumping data for table `content_article_articel_tag`
--

LOCK TABLES `content_article_articel_tag` WRITE;
/*!40000 ALTER TABLE `content_article_articel_tag` DISABLE KEYS */;
INSERT INTO `content_article_articel_tag` VALUES (63,1,1),(64,1,2),(65,1,3),(51,5,5),(52,5,6),(33,6,8),(34,6,9),(35,6,10),(36,7,2),(37,8,11),(38,8,12),(50,9,7),(48,9,13),(49,9,14),(46,9,17),(47,9,18),(53,10,19),(54,10,20),(55,11,19),(56,11,21),(60,12,19),(61,12,20),(62,12,21),(66,13,3),(67,13,22);
/*!40000 ALTER TABLE `content_article_articel_tag` ENABLE KEYS */;
UNLOCK TABLES;

--
-- Table structure for table `content_comment`
--

DROP TABLE IF EXISTS `content_comment`;
/*!40101 SET @saved_cs_client     = @@character_set_client */;
/*!40101 SET character_set_client = utf8 */;
CREATE TABLE `content_comment` (
  `id` int(11) NOT NULL AUTO_INCREMENT,
  `release_date` datetime(6) NOT NULL,
  `isDelete` tinyint(1) NOT NULL,
  `content` longtext NOT NULL,
  `articel_id` int(11) NOT NULL,
  `user` varchar(50) NOT NULL,
  PRIMARY KEY (`id`),
  KEY `content_commen_articel_id_16ec9d14d0ffdbc1_fk_content_article_id` (`articel_id`),
  CONSTRAINT `content_commen_articel_id_16ec9d14d0ffdbc1_fk_content_article_id` FOREIGN KEY (`articel_id`) REFERENCES `content_article` (`id`)
) ENGINE=InnoDB DEFAULT CHARSET=utf8mb4;
/*!40101 SET character_set_client = @saved_cs_client */;

--
-- Dumping data for table `content_comment`
--

LOCK TABLES `content_comment` WRITE;
/*!40000 ALTER TABLE `content_comment` DISABLE KEYS */;
/*!40000 ALTER TABLE `content_comment` ENABLE KEYS */;
UNLOCK TABLES;

--
-- Table structure for table `content_tagtype`
--

DROP TABLE IF EXISTS `content_tagtype`;
/*!40101 SET @saved_cs_client     = @@character_set_client */;
/*!40101 SET character_set_client = utf8 */;
CREATE TABLE `content_tagtype` (
  `id` int(11) NOT NULL AUTO_INCREMENT,
  `tagname` varchar(50) NOT NULL,
  `isDelete` tinyint(1) NOT NULL,
  PRIMARY KEY (`id`)
) ENGINE=InnoDB AUTO_INCREMENT=23 DEFAULT CHARSET=utf8mb4;
/*!40101 SET character_set_client = @saved_cs_client */;

--
-- Dumping data for table `content_tagtype`
--

LOCK TABLES `content_tagtype` WRITE;
/*!40000 ALTER TABLE `content_tagtype` DISABLE KEYS */;
INSERT INTO `content_tagtype` VALUES (1,'scrapy',0),(2,'django',0),(3,'PIL',0),(5,'BeautifulSoup',0),(6,'Requests',0),(7,'Redis',0),(8,'分布式',0),(9,'数据库',0),(10,'主从服务器',0),(11,'urllib2',0),(12,'http请求库',0),(13,'json',0),(14,'csv',0),(17,'MySQL',0),(18,'MongoDB',0),(19,'selenium',0),(20,'自动化',0),(21,'PhantomJS',0),(22,'验证码',0);
/*!40000 ALTER TABLE `content_tagtype` ENABLE KEYS */;
UNLOCK TABLES;

--
-- Table structure for table `content_tagtype_articel`
--

DROP TABLE IF EXISTS `content_tagtype_articel`;
/*!40101 SET @saved_cs_client     = @@character_set_client */;
/*!40101 SET character_set_client = utf8 */;
CREATE TABLE `content_tagtype_articel` (
  `id` int(11) NOT NULL AUTO_INCREMENT,
  `tagtype_id` int(11) NOT NULL,
  `article_id` int(11) NOT NULL,
  PRIMARY KEY (`id`),
  UNIQUE KEY `tagtype_id` (`tagtype_id`,`article_id`),
  KEY `content_tagtyp_article_id_734ca4ed987896bd_fk_content_article_id` (`article_id`),
  CONSTRAINT `content_tagtyp_article_id_734ca4ed987896bd_fk_content_article_id` FOREIGN KEY (`article_id`) REFERENCES `content_article` (`id`),
  CONSTRAINT `content_tagtyp_tagtype_id_51a385b956a232af_fk_content_tagtype_id` FOREIGN KEY (`tagtype_id`) REFERENCES `content_tagtype` (`id`)
) ENGINE=InnoDB AUTO_INCREMENT=19 DEFAULT CHARSET=utf8mb4;
/*!40101 SET character_set_client = @saved_cs_client */;

--
-- Dumping data for table `content_tagtype_articel`
--

LOCK TABLES `content_tagtype_articel` WRITE;
/*!40000 ALTER TABLE `content_tagtype_articel` DISABLE KEYS */;
INSERT INTO `content_tagtype_articel` VALUES (1,5,1),(2,6,1),(3,7,1),(4,8,1),(5,9,1),(6,10,1),(7,11,1),(8,12,1),(9,13,1),(10,14,1),(13,17,1),(14,18,9),(15,19,1),(16,20,1),(17,21,1),(18,22,1);
/*!40000 ALTER TABLE `content_tagtype_articel` ENABLE KEYS */;
UNLOCK TABLES;

--
-- Table structure for table `django_admin_log`
--

DROP TABLE IF EXISTS `django_admin_log`;
/*!40101 SET @saved_cs_client     = @@character_set_client */;
/*!40101 SET character_set_client = utf8 */;
CREATE TABLE `django_admin_log` (
  `id` int(11) NOT NULL AUTO_INCREMENT,
  `action_time` datetime(6) NOT NULL,
  `object_id` longtext,
  `object_repr` varchar(200) NOT NULL,
  `action_flag` smallint(5) unsigned NOT NULL,
  `change_message` longtext NOT NULL,
  `content_type_id` int(11) DEFAULT NULL,
  `user_id` int(11) NOT NULL,
  PRIMARY KEY (`id`),
  KEY `djang_content_type_id_697914295151027a_fk_django_content_type_id` (`content_type_id`),
  KEY `django_admin_log_user_id_52fdd58701c5f563_fk_auth_user_id` (`user_id`),
  CONSTRAINT `djang_content_type_id_697914295151027a_fk_django_content_type_id` FOREIGN KEY (`content_type_id`) REFERENCES `django_content_type` (`id`),
  CONSTRAINT `django_admin_log_user_id_52fdd58701c5f563_fk_auth_user_id` FOREIGN KEY (`user_id`) REFERENCES `auth_user` (`id`)
) ENGINE=InnoDB AUTO_INCREMENT=152 DEFAULT CHARSET=utf8mb4;
/*!40101 SET character_set_client = @saved_cs_client */;

--
-- Dumping data for table `django_admin_log`
--

LOCK TABLES `django_admin_log` WRITE;
/*!40000 ALTER TABLE `django_admin_log` DISABLE KEYS */;
INSERT INTO `django_admin_log` VALUES (1,'2017-09-30 08:00:53.313972','1','爬虫',1,'',8,1),(2,'2017-09-30 08:00:57.279568','2','机器学习',1,'',8,1),(3,'2017-09-30 08:01:20.354694','3','验证码',1,'',8,1),(4,'2017-09-30 08:01:44.151843','4','python知识',1,'',8,1),(5,'2017-09-30 08:02:18.655876','1','scrapy',1,'',9,1),(6,'2017-09-30 08:02:23.194646','2','django',1,'',9,1),(7,'2017-09-30 08:02:40.356258','3','PIL',1,'',9,1),(8,'2017-09-30 08:06:17.391134','4','scrapy,django,requests',1,'',9,1),(9,'2017-09-30 08:06:31.466721','1','Article object',1,'',7,1),(10,'2017-09-30 08:11:39.694885','4','scrapy,django,requests',3,'',9,1),(11,'2017-09-30 08:12:33.819979','1','Article object',2,'已修改 articel_tag 。',7,1),(12,'2017-09-30 08:44:58.995681','2','adasfdsf',1,'',7,1),(13,'2017-09-30 08:45:08.863225','3','adfadfadsf',1,'',7,1),(14,'2017-09-30 08:45:17.859095','4','adfasdf',1,'',7,1),(15,'2017-09-30 08:55:35.014602','4','adfasdf',2,'已修改 shortnote 。',7,1),(16,'2017-09-30 08:55:41.795944','3','adfadfadsf',2,'已修改 shortnote 。',7,1),(17,'2017-09-30 08:55:48.004794','2','adasfdsf',2,'已修改 shortnote 。',7,1),(18,'2017-09-30 08:55:54.387096','1','爬虫概览',2,'已修改 shortnote 。',7,1),(19,'2017-09-30 09:12:04.056423','4','采集拉勾网python职位的所有信息',2,'已修改 title 。',7,1),(20,'2017-09-30 09:12:19.532101','3','使用神经网络识别腾讯视频验证码',2,'已修改 title 。',7,1),(21,'2017-09-30 09:12:39.333377','2','使用python采集加盟网所有项目的信息',2,'已修改 title 。',7,1),(22,'2017-09-30 09:12:49.894055','1','爬虫整体技术路线讨论',2,'已修改 title 。',7,1),(23,'2017-09-30 09:53:53.408232','4','采集拉勾网python职位的所有信息',2,'已修改 author 。',7,1),(24,'2017-09-30 09:54:00.214437','3','使用神经网络识别腾讯视频验证码',2,'已修改 author 。',7,1),(25,'2017-09-30 09:54:05.551778','2','使用python采集加盟网所有项目的信息',2,'已修改 author 。',7,1),(26,'2017-09-30 09:54:09.816019','1','爬虫整体技术路线讨论',2,'没有字段被修改。',7,1),(27,'2017-09-30 09:58:03.400425','4','采集拉勾网python职位的所有信息',2,'已修改 shortnote 。',7,1),(28,'2017-09-30 09:58:07.612038','3','使用神经网络识别腾讯视频验证码',2,'已修改 shortnote 。',7,1),(29,'2017-09-30 09:58:13.189507','2','使用python采集加盟网所有项目的信息',2,'已修改 shortnote 。',7,1),(30,'2017-09-30 09:58:18.025276','1','爬虫整体技术路线讨论',2,'已修改 shortnote 。',7,1),(31,'2017-10-01 04:30:23.028013','1','web后端',1,'',13,1),(32,'2017-10-01 04:32:45.350272','1','python',1,'',12,1),(33,'2017-10-01 04:33:05.106133','2','django',1,'',12,1),(34,'2017-10-01 04:35:07.393208','1','使用Django开发电商平台',1,'',11,1),(35,'2017-10-01 04:36:26.470703','1','使用Django开发电商平台',2,'已修改 project_url 。',11,1),(36,'2017-10-01 04:38:04.387864','2','数据采集',1,'',13,1),(37,'2017-10-01 04:38:37.659237','3','scrapy-redis',1,'',12,1),(38,'2017-10-01 04:38:49.442691','2','分布式采集世纪佳缘公开用户信息',1,'',11,1),(39,'2017-10-01 04:39:15.853796','4','requests',1,'',12,1),(40,'2017-10-01 04:39:53.758494','3','多线程采集拉勾网职位信息',1,'',11,1),(41,'2017-10-01 04:40:56.782960','4','采集百度贴吧大学贴吧数据',1,'',11,1),(42,'2017-10-01 06:01:21.993530','4','采集百度贴吧大学贴吧数据',2,'已修改 project_shortnote 。',11,1),(43,'2017-10-01 06:01:32.880569','3','多线程采集拉勾网职位信息',2,'已修改 project_shortnote 。',11,1),(44,'2017-10-01 06:01:36.492423','2','分布式采集世纪佳缘公开用户信息',2,'已修改 project_shortnote 。',11,1),(45,'2017-10-01 06:01:40.102355','1','使用Django开发电商平台',2,'已修改 project_shortnote 。',11,1),(46,'2017-10-01 16:12:03.585153','1','Redis',1,'',16,1),(47,'2017-10-01 16:12:11.608849','2','MySQL',1,'',16,1),(48,'2017-10-01 16:12:18.062532','3','MongoDB',1,'',16,1),(49,'2017-10-01 16:12:29.349192','4','csv',1,'',16,1),(50,'2017-10-01 16:12:52.714681','5','json',1,'',16,1),(51,'2017-10-01 16:13:00.152027','6','txt',1,'',16,1),(52,'2017-10-01 16:19:44.574381','1','拉勾网',1,'',15,1),(53,'2017-10-01 16:20:09.013074','2','腾讯招聘',1,'',15,1),(54,'2017-10-01 16:21:12.356419','3','当当网',1,'',15,1),(55,'2017-10-01 16:27:23.621779','3','当当网',2,'已修改 spider_request_count，spider_download_count 和 spider_info_count 。',15,1),(56,'2017-10-01 16:27:37.365564','2','腾讯招聘',2,'已修改 spider_request_count，spider_download_count 和 spider_info_count 。',15,1),(57,'2017-10-01 16:27:50.684298','1','拉勾网',2,'已修改 spider_request_count，spider_download_count 和 spider_info_count 。',15,1),(58,'2017-10-01 16:34:18.158347','3','当当网',2,'已修改 spider_content 。',15,1),(59,'2017-10-01 16:34:24.393719','2','腾讯招聘',2,'已修改 spider_content 。',15,1),(60,'2017-10-01 16:34:42.235947','1','拉勾网',2,'已修改 spider_content 。',15,1),(61,'2017-10-01 16:35:06.975699','3','当当网',2,'已修改 database_type 。',15,1),(62,'2017-10-01 16:35:11.895946','1','拉勾网',2,'已修改 database_type 。',15,1),(63,'2017-10-01 16:46:35.847896','3','当当网',2,'没有字段被修改。',15,1),(64,'2017-10-01 16:50:46.947567','3','当当网',2,'已修改 spider_pic 。',15,1),(65,'2017-10-01 16:51:02.587090','2','腾讯招聘',2,'已修改 spider_pic 。',15,1),(66,'2017-10-01 16:51:14.961865','1','拉勾网',2,'已修改 spider_pic 。',15,1),(67,'2017-10-01 16:51:19.322064','3','当当网',2,'没有字段被修改。',15,1),(68,'2017-10-01 17:23:18.455726','4','淘宝网',1,'',15,1),(69,'2017-10-01 17:25:15.354019','4','淘宝网',2,'已修改 spider_pic 。',15,1),(70,'2017-10-03 05:27:22.439039','4','淘宝网',2,'已修改 spider_error_count 。',15,1),(71,'2017-10-03 05:27:29.876568','3','当当网',2,'已修改 spider_error_count 。',15,1),(72,'2017-10-03 05:27:36.991712','2','腾讯招聘',2,'已修改 spider_error_count 。',15,1),(73,'2017-10-03 05:27:43.074312','1','拉勾网',2,'已修改 spider_error_count 。',15,1),(74,'2017-10-04 09:06:22.871540','5','获取大学列表',1,'',15,1),(75,'2017-10-04 09:51:56.984636','5','获取大学列表',2,'已修改 spider_content 和 spider_mark 。',15,1),(76,'2017-10-05 09:45:06.134983','5','获取大学列表',2,'已修改 spider_runing 。',15,1),(77,'2017-10-05 17:59:02.294595','5','获取大学列表',2,'已修改 spider_pic 。',15,1),(78,'2017-10-06 07:58:00.288204','5','BeautifulSoup',1,'',9,1),(79,'2017-10-06 07:58:12.121528','6','Requests',1,'',9,1),(80,'2017-10-06 07:58:22.999730','7','Redis',1,'',9,1),(81,'2017-10-06 08:08:04.299412','5','爬虫入门任务：使用python抓取某笑话网站内容并整理到Excel',1,'',7,1),(82,'2017-10-06 08:09:14.893673','5','Redis',1,'',8,1),(83,'2017-10-06 08:09:38.741087','8','分布式',1,'',9,1),(84,'2017-10-06 08:09:44.065639','9','数据库',1,'',9,1),(85,'2017-10-06 08:09:56.093302','10','主从服务器',1,'',9,1),(86,'2017-10-06 08:10:48.388928','6','Ubuntu下安装Redis数据库，并基于Redis数据库搭建主从服务器 ',1,'',7,1),(87,'2017-10-06 08:12:04.548166','6','Django',1,'',8,1),(88,'2017-10-06 08:12:16.360662','7','使用python Django框架来实现web端分页呈现数据 ',1,'',7,1),(89,'2017-10-06 08:16:37.296448','11','urllib2',1,'',9,1),(90,'2017-10-06 08:16:45.373024','12','http请求库',1,'',9,1),(91,'2017-10-06 08:53:32.997852','8','python2内置库urllib2的主要知识点',1,'',7,1),(92,'2017-10-06 08:53:55.939594','4','采集拉勾网python职位的所有信息',3,'',7,1),(93,'2017-10-06 08:53:55.960159','3','使用神经网络识别腾讯视频验证码',3,'',7,1),(94,'2017-10-06 08:53:55.965355','2','使用python采集加盟网所有项目的信息',3,'',7,1),(95,'2017-10-06 08:59:03.884948','13','json',1,'',9,1),(96,'2017-10-06 08:59:13.886048','14','csv',1,'',9,1),(97,'2017-10-06 08:59:21.554583','15','redis',1,'',9,1),(98,'2017-10-06 08:59:32.239632','16','redis',1,'',9,1),(99,'2017-10-06 09:00:03.210917','9','五种使用python储存数据的方式',1,'',7,1),(100,'2017-10-06 09:00:23.716860','16','redis',3,'',9,1),(101,'2017-10-06 09:00:23.720896','15','redis',3,'',9,1),(102,'2017-10-06 09:00:37.781418','17','MySQL',1,'',9,1),(103,'2017-10-06 09:00:57.217724','9','五种使用python储存数据的方式',2,'已修改 articel_tag 。',7,1),(104,'2017-10-06 09:03:06.192225','18','MongoDB',1,'',9,1),(105,'2017-10-06 09:28:12.623780','9','五种使用python储存数据的方式',2,'已修改 articel_tag，content 和 shortnote 。',7,1),(106,'2017-10-06 09:35:20.430206','5','爬虫入门任务：使用python抓取某笑话网站内容并整理到Excel',2,'已修改 content 。',7,1),(107,'2017-10-06 09:42:02.610575','19','selenium',1,'',9,1),(108,'2017-10-06 09:42:14.522238','20','自动化',1,'',9,1),(109,'2017-10-06 09:42:44.872789','10','selenium模块常用方法整理',1,'',7,1),(110,'2017-10-06 10:41:10.686242','21','PhantomJS',1,'',9,1),(111,'2017-10-06 11:01:10.209754','11','使用selenium操作PhantomJS的常用操作',1,'',7,1),(112,'2017-10-06 11:13:12.875764','12','使用phantomjs访问网站，高度自定义headers',1,'',7,1),(113,'2017-10-06 13:46:42.804582','12','使用phantomjs访问网站，高度自定义headers',2,'已修改 content 和 shortnote 。',7,1),(114,'2017-10-06 13:49:40.930634','1','test',2,'已修改 title，content 和 shortnote 。',7,1),(115,'2017-10-06 15:00:38.710057','22','验证码',1,'',9,1),(116,'2017-10-06 15:10:33.954981','13','使用python生成验证码图片(一)',1,'',7,1),(117,'2017-10-07 06:20:48.134204','4','采集百度贴吧大学贴吧数据',2,'已修改 project_desc 和 project_shortnote 。',11,1),(118,'2017-10-07 06:22:02.262668','3','多线程采集拉勾网职位信息',2,'已修改 project_desc 和 project_shortnote 。',11,1),(119,'2017-10-07 06:22:35.481882','2','分布式采集世纪佳缘公开用户信息',2,'已修改 project_shortnote 。',11,1),(120,'2017-10-07 06:24:11.619392','1','使用Django开发电商平台',2,'已修改 project_desc 和 project_shortnote 。',11,1),(121,'2017-10-07 06:29:58.251707','4','采集百度贴吧大学贴吧数据',2,'已修改 project_desc 。',11,1),(122,'2017-10-07 06:33:50.344706','3','多线程采集拉勾网职位信息',2,'已修改 project_desc 。',11,1),(123,'2017-10-07 06:34:06.340268','2','分布式采集世纪佳缘公开用户信息',2,'已修改 project_desc 。',11,1),(124,'2017-10-07 06:35:44.749851','1','使用Django开发电商平台',2,'已修改 project_desc 。',11,1),(125,'2017-10-07 06:36:05.481294','4','采集百度贴吧大学贴吧数据',2,'已修改 project_desc 。',11,1),(126,'2017-10-07 07:30:40.742493','5','获取大学列表',2,'已修改 spider_content，spider_url，spider_request_count，spider_download_count，spider_info_count，spider_error_count，database_sheetname，spider_runavg 和 spider_mark 。',15,1),(127,'2017-10-07 08:08:59.400144','5','获取大学列表',2,'已修改 spider_runavg 。',15,1),(128,'2017-10-07 08:10:27.946994','4','淘宝网',2,'已修改 spider_content，spider_url，spider_info_count，spider_error_count 和 spider_mark 。',15,1),(129,'2017-10-07 08:10:40.189467','3','当当网',2,'已修改 spider_runavg 和 spider_mark 。',15,1),(130,'2017-10-07 08:10:51.516154','4','淘宝网',2,'已修改 spider_runavg 。',15,1),(131,'2017-10-07 08:10:56.242903','3','当当网',2,'没有字段被修改。',15,1),(132,'2017-10-07 08:12:13.524940','1','拉勾网',2,'已修改 spider_runavg 和 spider_mark 。',15,1),(133,'2017-10-07 08:12:34.552782','2','腾讯招聘',2,'已修改 spider_runavg 和 spider_mark 。',15,1),(134,'2017-10-07 08:13:00.963210','5','高考教育网',2,'已修改 spider_name 。',15,1),(135,'2017-10-07 08:13:08.419115','5','高考教育网',2,'没有字段被修改。',15,1),(136,'2017-10-07 08:13:13.879995','4','淘宝网',2,'没有字段被修改。',15,1),(137,'2017-10-07 08:13:28.419145','3','当当网',2,'已修改 spider_mark 。',15,1),(138,'2017-10-07 08:13:33.520928','2','腾讯招聘',2,'没有字段被修改。',15,1),(139,'2017-10-07 08:14:26.667671','1','拉勾网',2,'已修改 spider_content 。',15,1),(140,'2017-10-07 08:14:37.415168','2','腾讯招聘',2,'已修改 spider_content 。',15,1),(141,'2017-10-07 08:14:54.429795','3','当当网',2,'已修改 spider_content 。',15,1),(142,'2017-10-07 08:14:58.109948','4','淘宝网',2,'没有字段被修改。',15,1),(143,'2017-10-08 15:42:14.863304','6','百度新闻',1,'',15,1),(144,'2017-10-08 15:42:50.742157','6','百度新闻',2,'已修改 spider_pic 。',15,1),(145,'2017-10-08 15:43:07.216360','6','百度新闻',2,'已修改 spider_pic 。',15,1),(146,'2017-10-08 15:43:55.223787','6','百度新闻',2,'已修改 spider_pic 。',15,1),(147,'2017-10-08 15:44:15.041592','1','拉勾网',2,'已修改 spider_content 。',15,1),(148,'2017-10-09 08:05:55.848079','6','百度新闻',2,'已修改 spider_pic 。',15,1),(149,'2017-10-09 08:06:22.504805','5','高考教育网',2,'已修改 spider_pic 。',15,1),(150,'2017-10-09 08:07:03.873009','5','高考教育网',2,'已修改 spider_pic 。',15,1),(151,'2017-10-09 08:39:32.603098','1','爬虫启动成功',2,'已修改 content 。',17,1);
/*!40000 ALTER TABLE `django_admin_log` ENABLE KEYS */;
UNLOCK TABLES;

--
-- Table structure for table `django_content_type`
--

DROP TABLE IF EXISTS `django_content_type`;
/*!40101 SET @saved_cs_client     = @@character_set_client */;
/*!40101 SET character_set_client = utf8 */;
CREATE TABLE `django_content_type` (
  `id` int(11) NOT NULL AUTO_INCREMENT,
  `app_label` varchar(100) NOT NULL,
  `model` varchar(100) NOT NULL,
  PRIMARY KEY (`id`),
  UNIQUE KEY `django_content_type_app_label_45f3b1d93ec8c61c_uniq` (`app_label`,`model`)
) ENGINE=InnoDB AUTO_INCREMENT=18 DEFAULT CHARSET=utf8mb4;
/*!40101 SET character_set_client = @saved_cs_client */;

--
-- Dumping data for table `django_content_type`
--

LOCK TABLES `django_content_type` WRITE;
/*!40000 ALTER TABLE `django_content_type` DISABLE KEYS */;
INSERT INTO `django_content_type` VALUES (1,'admin','logentry'),(3,'auth','group'),(2,'auth','permission'),(4,'auth','user'),(8,'content','articeltype'),(7,'content','article'),(10,'content','comment'),(9,'content','tagtype'),(5,'contenttypes','contenttype'),(14,'project','comment'),(12,'project','projecttagtype'),(13,'project','projecttype'),(11,'project','tproject'),(6,'sessions','session'),(16,'spider','databasetype'),(17,'spider','message'),(15,'spider','spider');
/*!40000 ALTER TABLE `django_content_type` ENABLE KEYS */;
UNLOCK TABLES;

--
-- Table structure for table `django_migrations`
--

DROP TABLE IF EXISTS `django_migrations`;
/*!40101 SET @saved_cs_client     = @@character_set_client */;
/*!40101 SET character_set_client = utf8 */;
CREATE TABLE `django_migrations` (
  `id` int(11) NOT NULL AUTO_INCREMENT,
  `app` varchar(255) NOT NULL,
  `name` varchar(255) NOT NULL,
  `applied` datetime(6) NOT NULL,
  PRIMARY KEY (`id`)
) ENGINE=InnoDB AUTO_INCREMENT=40 DEFAULT CHARSET=utf8mb4;
/*!40101 SET character_set_client = @saved_cs_client */;

--
-- Dumping data for table `django_migrations`
--

LOCK TABLES `django_migrations` WRITE;
/*!40000 ALTER TABLE `django_migrations` DISABLE KEYS */;
INSERT INTO `django_migrations` VALUES (1,'contenttypes','0001_initial','2017-09-30 07:51:14.578330'),(2,'auth','0001_initial','2017-09-30 07:51:15.658982'),(3,'admin','0001_initial','2017-09-30 07:51:15.731319'),(4,'contenttypes','0002_remove_content_type_name','2017-09-30 07:51:15.800440'),(5,'auth','0002_alter_permission_name_max_length','2017-09-30 07:51:15.838810'),(6,'auth','0003_alter_user_email_max_length','2017-09-30 07:51:15.859348'),(7,'auth','0004_alter_user_username_opts','2017-09-30 07:51:15.879004'),(8,'auth','0005_alter_user_last_login_null','2017-09-30 07:51:15.915715'),(9,'auth','0006_require_contenttypes_0002','2017-09-30 07:51:15.919621'),(10,'content','0001_initial','2017-09-30 07:51:16.387107'),(11,'sessions','0001_initial','2017-09-30 07:51:16.445685'),(12,'content','0002_auto_20170930_1607','2017-09-30 08:07:21.514677'),(13,'content','0003_auto_20170930_1608','2017-09-30 08:10:23.588846'),(14,'content','0004_auto_20170930_1610','2017-09-30 08:10:23.704231'),(15,'content','0002_auto_20170930_1654','2017-09-30 08:54:47.766210'),(16,'content','0003_auto_20171001_1223','2017-10-01 04:24:01.015615'),(17,'project','0001_initial','2017-10-01 04:24:02.080035'),(18,'content','0004_auto_20171001_1232','2017-10-01 04:32:28.614959'),(19,'project','0002_auto_20171001_1232','2017-10-01 04:32:28.921430'),(20,'content','0005_auto_20171001_1400','2017-10-01 06:00:31.227497'),(21,'content','0006_auto_20171001_2356','2017-10-01 15:59:03.418630'),(22,'content','0007_auto_20171001_2358','2017-10-01 15:59:03.615645'),(23,'content','0008_auto_20171001_2358','2017-10-01 15:59:03.645273'),(24,'content','0009_auto_20171001_2358','2017-10-01 15:59:03.689189'),(25,'project','0002_auto_20171001_2358','2017-10-01 15:59:04.468336'),(26,'content','0010_auto_20171002_0006','2017-10-01 16:06:18.259051'),(27,'content','0011_auto_20171002_0009','2017-10-01 16:09:53.384584'),(28,'spider','0001_initial','2017-10-01 16:09:53.962861'),(29,'content','0012_auto_20171002_0018','2017-10-01 16:18:07.412162'),(30,'spider','0002_auto_20171002_0018','2017-10-01 16:18:07.833703'),(31,'content','0013_auto_20171002_0019','2017-10-01 16:19:29.478371'),(32,'spider','0003_auto_20171002_0019','2017-10-01 16:19:29.606430'),(33,'content','0014_auto_20171002_0044','2017-10-01 16:44:58.659262'),(34,'content','0015_auto_20171002_0046','2017-10-01 16:46:20.886626'),(35,'spider','0002_auto_20171002_0046','2017-10-01 16:46:20.916340'),(36,'content','0016_auto_20171003_1326','2017-10-03 05:26:48.528639'),(37,'content','0017_auto_20171009_1615','2017-10-09 08:15:20.730410'),(38,'content','0018_auto_20171009_1626','2017-10-09 08:26:15.751183'),(39,'content','0019_auto_20171009_1634','2017-10-09 08:34:40.260132');
/*!40000 ALTER TABLE `django_migrations` ENABLE KEYS */;
UNLOCK TABLES;

--
-- Table structure for table `django_session`
--

DROP TABLE IF EXISTS `django_session`;
/*!40101 SET @saved_cs_client     = @@character_set_client */;
/*!40101 SET character_set_client = utf8 */;
CREATE TABLE `django_session` (
  `session_key` varchar(40) NOT NULL,
  `session_data` longtext NOT NULL,
  `expire_date` datetime(6) NOT NULL,
  PRIMARY KEY (`session_key`),
  KEY `django_session_de54fa62` (`expire_date`)
) ENGINE=InnoDB DEFAULT CHARSET=utf8mb4;
/*!40101 SET character_set_client = @saved_cs_client */;

--
-- Dumping data for table `django_session`
--

LOCK TABLES `django_session` WRITE;
/*!40000 ALTER TABLE `django_session` DISABLE KEYS */;
INSERT INTO `django_session` VALUES ('009vq80vv4xkubsd6iprahsah7sm771x','MDA2OTI4Y2QxMmQzOWYyMjcxODFhYzI4ZGM5MDk4YjNlNjRlYjQ2OTp7Il9hdXRoX3VzZXJfaGFzaCI6IjkyOTdlMDE3ZDkzZjY2NWU5MDI2YjcyYWNlYWVlODcyY2I5NjQzNmIiLCJfYXV0aF91c2VyX2JhY2tlbmQiOiJkamFuZ28uY29udHJpYi5hdXRoLmJhY2tlbmRzLk1vZGVsQmFja2VuZCIsIl9hdXRoX3VzZXJfaWQiOiIxIn0=','2017-10-15 16:10:22.623480'),('0s540zlk0s82v0rt8q1td6duq77omzwe','MDA2OTI4Y2QxMmQzOWYyMjcxODFhYzI4ZGM5MDk4YjNlNjRlYjQ2OTp7Il9hdXRoX3VzZXJfaGFzaCI6IjkyOTdlMDE3ZDkzZjY2NWU5MDI2YjcyYWNlYWVlODcyY2I5NjQzNmIiLCJfYXV0aF91c2VyX2JhY2tlbmQiOiJkamFuZ28uY29udHJpYi5hdXRoLmJhY2tlbmRzLk1vZGVsQmFja2VuZCIsIl9hdXRoX3VzZXJfaWQiOiIxIn0=','2017-10-15 04:28:43.702704'),('2vgssqn3s7xyewoli8ih6c16r5m714t7','MDA2OTI4Y2QxMmQzOWYyMjcxODFhYzI4ZGM5MDk4YjNlNjRlYjQ2OTp7Il9hdXRoX3VzZXJfaGFzaCI6IjkyOTdlMDE3ZDkzZjY2NWU5MDI2YjcyYWNlYWVlODcyY2I5NjQzNmIiLCJfYXV0aF91c2VyX2JhY2tlbmQiOiJkamFuZ28uY29udHJpYi5hdXRoLmJhY2tlbmRzLk1vZGVsQmFja2VuZCIsIl9hdXRoX3VzZXJfaWQiOiIxIn0=','2017-10-19 17:58:37.465532'),('3njjdgh1u4rigafuzxy3gnlq4x9t3qat','MDA2OTI4Y2QxMmQzOWYyMjcxODFhYzI4ZGM5MDk4YjNlNjRlYjQ2OTp7Il9hdXRoX3VzZXJfaGFzaCI6IjkyOTdlMDE3ZDkzZjY2NWU5MDI2YjcyYWNlYWVlODcyY2I5NjQzNmIiLCJfYXV0aF91c2VyX2JhY2tlbmQiOiJkamFuZ28uY29udHJpYi5hdXRoLmJhY2tlbmRzLk1vZGVsQmFja2VuZCIsIl9hdXRoX3VzZXJfaWQiOiIxIn0=','2017-10-21 07:25:24.584980'),('5qjddx6jlt5i2jw881jp0loum7fz3py4','MDA2OTI4Y2QxMmQzOWYyMjcxODFhYzI4ZGM5MDk4YjNlNjRlYjQ2OTp7Il9hdXRoX3VzZXJfaGFzaCI6IjkyOTdlMDE3ZDkzZjY2NWU5MDI2YjcyYWNlYWVlODcyY2I5NjQzNmIiLCJfYXV0aF91c2VyX2JhY2tlbmQiOiJkamFuZ28uY29udHJpYi5hdXRoLmJhY2tlbmRzLk1vZGVsQmFja2VuZCIsIl9hdXRoX3VzZXJfaWQiOiIxIn0=','2017-10-20 03:24:42.356659'),('968unnarxiyprl7daj7ykjblg1xkk0d8','MDA2OTI4Y2QxMmQzOWYyMjcxODFhYzI4ZGM5MDk4YjNlNjRlYjQ2OTp7Il9hdXRoX3VzZXJfaGFzaCI6IjkyOTdlMDE3ZDkzZjY2NWU5MDI2YjcyYWNlYWVlODcyY2I5NjQzNmIiLCJfYXV0aF91c2VyX2JhY2tlbmQiOiJkamFuZ28uY29udHJpYi5hdXRoLmJhY2tlbmRzLk1vZGVsQmFja2VuZCIsIl9hdXRoX3VzZXJfaWQiOiIxIn0=','2017-10-15 08:40:47.178625'),('a3qk30c904wpp84vf0w292b19m2p3iy3','MDA2OTI4Y2QxMmQzOWYyMjcxODFhYzI4ZGM5MDk4YjNlNjRlYjQ2OTp7Il9hdXRoX3VzZXJfaGFzaCI6IjkyOTdlMDE3ZDkzZjY2NWU5MDI2YjcyYWNlYWVlODcyY2I5NjQzNmIiLCJfYXV0aF91c2VyX2JhY2tlbmQiOiJkamFuZ28uY29udHJpYi5hdXRoLmJhY2tlbmRzLk1vZGVsQmFja2VuZCIsIl9hdXRoX3VzZXJfaWQiOiIxIn0=','2017-10-18 08:39:45.186154'),('aipwmdgmbc9s30oardulrd20hcwryn6a','MDA2OTI4Y2QxMmQzOWYyMjcxODFhYzI4ZGM5MDk4YjNlNjRlYjQ2OTp7Il9hdXRoX3VzZXJfaGFzaCI6IjkyOTdlMDE3ZDkzZjY2NWU5MDI2YjcyYWNlYWVlODcyY2I5NjQzNmIiLCJfYXV0aF91c2VyX2JhY2tlbmQiOiJkamFuZ28uY29udHJpYi5hdXRoLmJhY2tlbmRzLk1vZGVsQmFja2VuZCIsIl9hdXRoX3VzZXJfaWQiOiIxIn0=','2017-10-23 08:05:39.706139'),('e3xsbd2emcfpnyap1qlau5ll7a8nq3q2','MDA2OTI4Y2QxMmQzOWYyMjcxODFhYzI4ZGM5MDk4YjNlNjRlYjQ2OTp7Il9hdXRoX3VzZXJfaGFzaCI6IjkyOTdlMDE3ZDkzZjY2NWU5MDI2YjcyYWNlYWVlODcyY2I5NjQzNmIiLCJfYXV0aF91c2VyX2JhY2tlbmQiOiJkamFuZ28uY29udHJpYi5hdXRoLmJhY2tlbmRzLk1vZGVsQmFja2VuZCIsIl9hdXRoX3VzZXJfaWQiOiIxIn0=','2017-10-20 07:54:24.248406'),('eij4fgzo7dv2wgjfmqoy3pbxjhly0jh1','MDA2OTI4Y2QxMmQzOWYyMjcxODFhYzI4ZGM5MDk4YjNlNjRlYjQ2OTp7Il9hdXRoX3VzZXJfaGFzaCI6IjkyOTdlMDE3ZDkzZjY2NWU5MDI2YjcyYWNlYWVlODcyY2I5NjQzNmIiLCJfYXV0aF91c2VyX2JhY2tlbmQiOiJkamFuZ28uY29udHJpYi5hdXRoLmJhY2tlbmRzLk1vZGVsQmFja2VuZCIsIl9hdXRoX3VzZXJfaWQiOiIxIn0=','2017-10-19 08:38:35.889858'),('gj847utpotbbjfwkuljyctby21waop8q','MDA2OTI4Y2QxMmQzOWYyMjcxODFhYzI4ZGM5MDk4YjNlNjRlYjQ2OTp7Il9hdXRoX3VzZXJfaGFzaCI6IjkyOTdlMDE3ZDkzZjY2NWU5MDI2YjcyYWNlYWVlODcyY2I5NjQzNmIiLCJfYXV0aF91c2VyX2JhY2tlbmQiOiJkamFuZ28uY29udHJpYi5hdXRoLmJhY2tlbmRzLk1vZGVsQmFja2VuZCIsIl9hdXRoX3VzZXJfaWQiOiIxIn0=','2017-10-15 06:00:56.478148'),('jie6xvy3qq2dzwu2bgdzcjdb1bu086i7','MDA2OTI4Y2QxMmQzOWYyMjcxODFhYzI4ZGM5MDk4YjNlNjRlYjQ2OTp7Il9hdXRoX3VzZXJfaGFzaCI6IjkyOTdlMDE3ZDkzZjY2NWU5MDI2YjcyYWNlYWVlODcyY2I5NjQzNmIiLCJfYXV0aF91c2VyX2JhY2tlbmQiOiJkamFuZ28uY29udHJpYi5hdXRoLmJhY2tlbmRzLk1vZGVsQmFja2VuZCIsIl9hdXRoX3VzZXJfaWQiOiIxIn0=','2017-10-14 07:54:43.414021'),('voikoy9cu3rcxag5w6rkmp1om6m3pe11','MDA2OTI4Y2QxMmQzOWYyMjcxODFhYzI4ZGM5MDk4YjNlNjRlYjQ2OTp7Il9hdXRoX3VzZXJfaGFzaCI6IjkyOTdlMDE3ZDkzZjY2NWU5MDI2YjcyYWNlYWVlODcyY2I5NjQzNmIiLCJfYXV0aF91c2VyX2JhY2tlbmQiOiJkamFuZ28uY29udHJpYi5hdXRoLmJhY2tlbmRzLk1vZGVsQmFja2VuZCIsIl9hdXRoX3VzZXJfaWQiOiIxIn0=','2017-10-21 06:16:03.944111'),('wp9pyv4ge0cinsucrrat5o5fr66d9rvd','MDA2OTI4Y2QxMmQzOWYyMjcxODFhYzI4ZGM5MDk4YjNlNjRlYjQ2OTp7Il9hdXRoX3VzZXJfaGFzaCI6IjkyOTdlMDE3ZDkzZjY2NWU5MDI2YjcyYWNlYWVlODcyY2I5NjQzNmIiLCJfYXV0aF91c2VyX2JhY2tlbmQiOiJkamFuZ28uY29udHJpYi5hdXRoLmJhY2tlbmRzLk1vZGVsQmFja2VuZCIsIl9hdXRoX3VzZXJfaWQiOiIxIn0=','2017-10-17 05:27:11.943374'),('yj59tiwk63x2qex8jx5mci4t83lb31t8','MDA2OTI4Y2QxMmQzOWYyMjcxODFhYzI4ZGM5MDk4YjNlNjRlYjQ2OTp7Il9hdXRoX3VzZXJfaGFzaCI6IjkyOTdlMDE3ZDkzZjY2NWU5MDI2YjcyYWNlYWVlODcyY2I5NjQzNmIiLCJfYXV0aF91c2VyX2JhY2tlbmQiOiJkamFuZ28uY29udHJpYi5hdXRoLmJhY2tlbmRzLk1vZGVsQmFja2VuZCIsIl9hdXRoX3VzZXJfaWQiOiIxIn0=','2017-10-15 17:22:54.733433'),('zonkb25nwryv1kjrh3sg9i3ggmut8vzm','MDA2OTI4Y2QxMmQzOWYyMjcxODFhYzI4ZGM5MDk4YjNlNjRlYjQ2OTp7Il9hdXRoX3VzZXJfaGFzaCI6IjkyOTdlMDE3ZDkzZjY2NWU5MDI2YjcyYWNlYWVlODcyY2I5NjQzNmIiLCJfYXV0aF91c2VyX2JhY2tlbmQiOiJkamFuZ28uY29udHJpYi5hdXRoLmJhY2tlbmRzLk1vZGVsQmFja2VuZCIsIl9hdXRoX3VzZXJfaWQiOiIxIn0=','2017-10-21 08:08:50.578148'),('zxmu9zu5zlp6l3nofjpagaatoycfnbn9','MDA2OTI4Y2QxMmQzOWYyMjcxODFhYzI4ZGM5MDk4YjNlNjRlYjQ2OTp7Il9hdXRoX3VzZXJfaGFzaCI6IjkyOTdlMDE3ZDkzZjY2NWU5MDI2YjcyYWNlYWVlODcyY2I5NjQzNmIiLCJfYXV0aF91c2VyX2JhY2tlbmQiOiJkamFuZ28uY29udHJpYi5hdXRoLmJhY2tlbmRzLk1vZGVsQmFja2VuZCIsIl9hdXRoX3VzZXJfaWQiOiIxIn0=','2017-10-22 15:38:39.888317');
/*!40000 ALTER TABLE `django_session` ENABLE KEYS */;
UNLOCK TABLES;

--
-- Table structure for table `project_comment`
--

DROP TABLE IF EXISTS `project_comment`;
/*!40101 SET @saved_cs_client     = @@character_set_client */;
/*!40101 SET character_set_client = utf8 */;
CREATE TABLE `project_comment` (
  `id` int(11) NOT NULL AUTO_INCREMENT,
  `release_date` datetime(6) NOT NULL,
  `isDelete` tinyint(1) NOT NULL,
  `content` longtext NOT NULL,
  `user` varchar(50) NOT NULL,
  `project_id` int(11) NOT NULL,
  PRIMARY KEY (`id`),
  KEY `project_comment_b098ad43` (`project_id`),
  CONSTRAINT `project_commen_project_id_d14cf4352765280_fk_project_tproject_id` FOREIGN KEY (`project_id`) REFERENCES `project_tproject` (`id`)
) ENGINE=InnoDB DEFAULT CHARSET=utf8mb4;
/*!40101 SET character_set_client = @saved_cs_client */;

--
-- Dumping data for table `project_comment`
--

LOCK TABLES `project_comment` WRITE;
/*!40000 ALTER TABLE `project_comment` DISABLE KEYS */;
/*!40000 ALTER TABLE `project_comment` ENABLE KEYS */;
UNLOCK TABLES;

--
-- Table structure for table `project_projecttagtype`
--

DROP TABLE IF EXISTS `project_projecttagtype`;
/*!40101 SET @saved_cs_client     = @@character_set_client */;
/*!40101 SET character_set_client = utf8 */;
CREATE TABLE `project_projecttagtype` (
  `id` int(11) NOT NULL AUTO_INCREMENT,
  `tagname` varchar(50) NOT NULL,
  `isDelete` tinyint(1) NOT NULL,
  PRIMARY KEY (`id`)
) ENGINE=InnoDB AUTO_INCREMENT=5 DEFAULT CHARSET=utf8mb4;
/*!40101 SET character_set_client = @saved_cs_client */;

--
-- Dumping data for table `project_projecttagtype`
--

LOCK TABLES `project_projecttagtype` WRITE;
/*!40000 ALTER TABLE `project_projecttagtype` DISABLE KEYS */;
INSERT INTO `project_projecttagtype` VALUES (1,'python',0),(2,'django',0),(3,'scrapy-redis',0),(4,'requests',0);
/*!40000 ALTER TABLE `project_projecttagtype` ENABLE KEYS */;
UNLOCK TABLES;

--
-- Table structure for table `project_projecttagtype_project`
--

DROP TABLE IF EXISTS `project_projecttagtype_project`;
/*!40101 SET @saved_cs_client     = @@character_set_client */;
/*!40101 SET character_set_client = utf8 */;
CREATE TABLE `project_projecttagtype_project` (
  `id` int(11) NOT NULL AUTO_INCREMENT,
  `projecttagtype_id` int(11) NOT NULL,
  `tproject_id` int(11) NOT NULL,
  PRIMARY KEY (`id`),
  UNIQUE KEY `projecttagtype_id` (`projecttagtype_id`,`tproject_id`),
  KEY `project_proj_tproject_id_7332abaac0c9d9ba_fk_project_tproject_id` (`tproject_id`),
  CONSTRAINT `project_proj_tproject_id_7332abaac0c9d9ba_fk_project_tproject_id` FOREIGN KEY (`tproject_id`) REFERENCES `project_tproject` (`id`),
  CONSTRAINT `projecttagtype_id_7d49ab858d9ea586_fk_project_projecttagtype_id` FOREIGN KEY (`projecttagtype_id`) REFERENCES `project_projecttagtype` (`id`)
) ENGINE=InnoDB DEFAULT CHARSET=utf8mb4;
/*!40101 SET character_set_client = @saved_cs_client */;

--
-- Dumping data for table `project_projecttagtype_project`
--

LOCK TABLES `project_projecttagtype_project` WRITE;
/*!40000 ALTER TABLE `project_projecttagtype_project` DISABLE KEYS */;
/*!40000 ALTER TABLE `project_projecttagtype_project` ENABLE KEYS */;
UNLOCK TABLES;

--
-- Table structure for table `project_projecttype`
--

DROP TABLE IF EXISTS `project_projecttype`;
/*!40101 SET @saved_cs_client     = @@character_set_client */;
/*!40101 SET character_set_client = utf8 */;
CREATE TABLE `project_projecttype` (
  `id` int(11) NOT NULL AUTO_INCREMENT,
  `typename` varchar(50) NOT NULL,
  `isDelete` tinyint(1) NOT NULL,
  PRIMARY KEY (`id`)
) ENGINE=InnoDB AUTO_INCREMENT=3 DEFAULT CHARSET=utf8mb4;
/*!40101 SET character_set_client = @saved_cs_client */;

--
-- Dumping data for table `project_projecttype`
--

LOCK TABLES `project_projecttype` WRITE;
/*!40000 ALTER TABLE `project_projecttype` DISABLE KEYS */;
INSERT INTO `project_projecttype` VALUES (1,'web后端',0),(2,'数据采集',0);
/*!40000 ALTER TABLE `project_projecttype` ENABLE KEYS */;
UNLOCK TABLES;

--
-- Table structure for table `project_tproject`
--

DROP TABLE IF EXISTS `project_tproject`;
/*!40101 SET @saved_cs_client     = @@character_set_client */;
/*!40101 SET character_set_client = utf8 */;
CREATE TABLE `project_tproject` (
  `id` int(11) NOT NULL AUTO_INCREMENT,
  `project_name` varchar(100) NOT NULL,
  `project_url` varchar(200) NOT NULL,
  `project_desc` longtext NOT NULL,
  `project_mark` varchar(100) NOT NULL,
  `release_date` datetime(6) NOT NULL,
  `update_time` datetime(6) DEFAULT NULL,
  `isDelete` tinyint(1) NOT NULL,
  `project_type_id` int(11) NOT NULL,
  `project_shortnote` varchar(200) DEFAULT NULL,
  PRIMARY KEY (`id`),
  KEY `proje_project_type_id_3fde848c26e7576b_fk_project_projecttype_id` (`project_type_id`),
  CONSTRAINT `proje_project_type_id_3fde848c26e7576b_fk_project_projecttype_id` FOREIGN KEY (`project_type_id`) REFERENCES `project_projecttype` (`id`)
) ENGINE=InnoDB AUTO_INCREMENT=5 DEFAULT CHARSET=utf8mb4;
/*!40101 SET character_set_client = @saved_cs_client */;

--
-- Dumping data for table `project_tproject`
--

LOCK TABLES `project_tproject` WRITE;
/*!40000 ALTER TABLE `project_tproject` DISABLE KEYS */;
INSERT INTO `project_tproject` VALUES (1,'使用Django开发电商平台','nickliqian/dailybuy','<p><br/></p><h1 style=\"box-sizing: border-box; margin-right: 0px; margin-bottom: 16px; margin-left: 0px; line-height: 1.25; padding-bottom: 0.3em; border-bottom: 1px solid rgb(234, 236, 239); color: rgb(36, 41, 46); font-family: -apple-system, BlinkMacSystemFont, &quot;Segoe UI&quot;, Helvetica, Arial, sans-serif, &quot;Apple Color Emoji&quot;, &quot;Segoe UI Emoji&quot;, &quot;Segoe UI Symbol&quot;; white-space: normal; margin-top: 0px !important;\">dailybuy</h1><h2>项目简介</h2><p style=\"white-space: normal;\">项目从 用户/商品/购物车/订单 四个方向入手，实现了以下功能模块：</p><p style=\"white-space: normal;\"><strong>用户模块(userapp)：</strong>处理用户登陆和注册，还包括用户中心资料管理，用户订单查询，使用Cookie记录商品id显示最近浏览等功能。</p><p style=\"white-space: normal;\"><strong>商品模块(goodsapp)：</strong>以商品列表的形式分类展示商品，并在商品详情页展示商品的图片/文字说明。基于Whoosh模块完成全文检索功能，可按商品标题和说明中的关键字进行检索。</p><p style=\"white-space: normal;\"><strong>购物车模块(cartapp)：</strong>可在商品列表和商品详情页面添加商品到购物车，支持动态修改购物车信息，并提交到订单。</p><p style=\"white-space: normal;\"><strong>订单模块(orderapp)：</strong>展示已提交订单，实现模拟支付，变更订单的支付状态。</p><p><br/></p><h3 style=\"white-space: normal; box-sizing: border-box; margin-top: 24px; margin-bottom: 16px; font-size: 1.25em; line-height: 1.25; color: rgb(36, 41, 46); font-family: -apple-system, BlinkMacSystemFont, &quot;Segoe UI&quot;, Helvetica, Arial, sans-serif, &quot;Apple Color Emoji&quot;, &quot;Segoe UI Emoji&quot;, &quot;Segoe UI Symbol&quot;;\">0. 整体实现</h3><p style=\"box-sizing: border-box; margin-top: 0px; margin-bottom: 16px; color: rgb(36, 41, 46); font-family: -apple-system, BlinkMacSystemFont, &quot;Segoe UI&quot;, Helvetica, Arial, sans-serif, &quot;Apple Color Emoji&quot;, &quot;Segoe UI Emoji&quot;, &quot;Segoe UI Symbol&quot;; white-space: normal;\">使用python2 + django + mysql开发的电商项目，实现了：</p><ul style=\"box-sizing: border-box; padding-left: 2em; margin-bottom: 16px; color: rgb(36, 41, 46); font-family: -apple-system, BlinkMacSystemFont, &quot;Segoe UI&quot;, Helvetica, Arial, sans-serif, &quot;Apple Color Emoji&quot;, &quot;Segoe UI Emoji&quot;, &quot;Segoe UI Symbol&quot;; white-space: normal;\" class=\" list-paddingleft-2\"><li><p>首页</p></li><li><p>列表页</p></li><li><p>展示页</p></li><li><p>购物车</p></li><li><p>订单页</p></li><li><p>用户登录</p></li><li><p>用户注册</p></li><li><p>用户个人中心</p></li></ul><h3 style=\"box-sizing: border-box; margin-top: 24px; margin-bottom: 16px; font-size: 1.25em; line-height: 1.25; color: rgb(36, 41, 46); font-family: -apple-system, BlinkMacSystemFont, &quot;Segoe UI&quot;, Helvetica, Arial, sans-serif, &quot;Apple Color Emoji&quot;, &quot;Segoe UI Emoji&quot;, &quot;Segoe UI Symbol&quot;; white-space: normal;\"><a href=\"https://github.com/nickliqian/dailybuy#1-app\" aria-hidden=\"true\" class=\"anchor\" id=\"user-content-1-app\" style=\"box-sizing: border-box; color: rgb(3, 102, 214); text-decoration-line: none; float: left; padding-right: 4px; margin-left: -20px; line-height: 1;\"></a>1. App</h3><ol style=\"box-sizing: border-box; padding-left: 2em; margin-bottom: 16px; color: rgb(36, 41, 46); font-family: -apple-system, BlinkMacSystemFont, &quot;Segoe UI&quot;, Helvetica, Arial, sans-serif, &quot;Apple Color Emoji&quot;, &quot;Segoe UI Emoji&quot;, &quot;Segoe UI Symbol&quot;; white-space: normal;\" class=\" list-paddingleft-2\"><li><p>userapp<br style=\"box-sizing: border-box;\"/>处理用户登陆，注册，个人中心资料填写，个人订单查询，浏览过的产品等功能。</p></li><li><p>goodsapp<br style=\"box-sizing: border-box;\"/>分类以列表的形式展示商品，在详情页展示商品的图片/文字说明。<br style=\"box-sizing: border-box;\"/>并支持全文检索搜索商品标题和说明中的关键字。</p></li><li><p>cartapp<br style=\"box-sizing: border-box;\"/>用户可添加商品到购物车，可动态修改购物车信息，提交到订单。</p></li><li><p>orderapp<br style=\"box-sizing: border-box;\"/>展示已经提交的订单，实现模拟支付，修改已支付订单状态。</p></li></ol><h3 style=\"box-sizing: border-box; margin-top: 24px; margin-bottom: 16px; font-size: 1.25em; line-height: 1.25; color: rgb(36, 41, 46); font-family: -apple-system, BlinkMacSystemFont, &quot;Segoe UI&quot;, Helvetica, Arial, sans-serif, &quot;Apple Color Emoji&quot;, &quot;Segoe UI Emoji&quot;, &quot;Segoe UI Symbol&quot;; white-space: normal;\"><a href=\"https://github.com/nickliqian/dailybuy#2-model\" aria-hidden=\"true\" class=\"anchor\" id=\"user-content-2-model\" style=\"box-sizing: border-box; color: rgb(3, 102, 214); text-decoration-line: none; float: left; padding-right: 4px; margin-left: -20px; line-height: 1;\"></a>2. Model</h3><ul style=\"box-sizing: border-box; padding-left: 2em; color: rgb(36, 41, 46); font-family: -apple-system, BlinkMacSystemFont, &quot;Segoe UI&quot;, Helvetica, Arial, sans-serif, &quot;Apple Color Emoji&quot;, &quot;Segoe UI Emoji&quot;, &quot;Segoe UI Symbol&quot;; white-space: normal;\" class=\" list-paddingleft-2\"><li><p>userInfo 用户注册信息</p></li><li><p>typeInfo 商品分类信息</p></li><li><p>goodsInfo 商品具体图片/文字</p></li><li><p>cartInfo 购物车状态（商品价格/数量/总价）</p></li><li><p>orderInfo 订单基本信息（下单用户，订单号，地址，付款状态，数量）</p></li><li><p>orderDetailInfo 订单详情（订单号，具体商品，商品数量/价格）</p></li></ul><p><br/></p>','no mark','2017-10-01 04:35:07.281463','2017-10-07 06:35:44.721179',0,1,'项目从 用户/商品/购物车/订单 四个方向入手，实现了以下功能模块： 用户模块(userapp)：处理用户登陆和注册，还包括用户中心资料管理，用户订单查询，使用Cookie记录商品id显示最近浏览等功能。 商品模块(goodsapp)：以商品列表的形式分类展示商品，并在商品详情页展示商品的图片/文字说明。基于Whoosh模块完成全文检索功能，可按商品标题和说明中的关键字进行检索。 购物车模块(ca'),(2,'分布式采集世纪佳缘公开用户信息','nickliqian/jiayuan_public','<h2>项目简介</h2><p>本项目采集网站公开用户的性别、年龄、身高、学历等数据。</p><p>采集网站使用ajax+post向后端发送关键词和筛选条件的key-value来请求用户数据，这里接收到的数据是包含用户完整公开信息的json格式数据。</p><p>因为数据规模较大（约340万用户信息），考虑使用scrapy-redis进行分布式采集。采集设备为一台个人电脑加一台阿里云服务器。</p><p>向站点发送多组包含不同formdata的post请求后，使用json模块将响应序列化并抽取关键数据，存入redis数据库。</p><p>将用户数据从redis数据库中写入MySQL，进行清洗，去重和分析。</p>','no mark','2017-10-01 04:38:49.436005','2017-10-07 06:34:06.309607',0,2,'本项目采集网站公开用户的性别、年龄、身高、学历等数据。 采集网站使用ajax+post向后端发送关键词和筛选条件的key-value来请求用户数据，这里接收到的数据是包含用户完整公开信息的json格式数据。 因为数据规模较大（约340万用户信息），考虑使用scrapy-redis进行分布式采集。采集设备为一台个人电脑加一台阿里云服务器。 向站点发送多组包含不同formdata的post请求后，使用'),(3,'多线程采集拉勾网职位信息','nickliqian/lagou_job','<h2 style=\"box-sizing: border-box; margin-bottom: 16px; line-height: 1.25; padding-bottom: 0.3em; border-bottom: 1px solid rgb(234, 236, 239); color: rgb(36, 41, 46); font-family: -apple-system, BlinkMacSystemFont, &quot;Segoe UI&quot;, Helvetica, Arial, sans-serif, &quot;Apple Color Emoji&quot;, &quot;Segoe UI Emoji&quot;, &quot;Segoe UI Symbol&quot;; white-space: normal; margin-top: 0px !important;\">Collect lagou.com data</h2><h2>项目简介</h2><p>本项目使用python3编写。</p><p>项目采集网站的分类职位信息，包括全国主要城市的几种编程语言的职位数量/职位详情/用户面试评论等数据。</p><p>构造目标城市/目标关键词的消息头，使用requests模块向采集网站发送get请求，获取所有职位url。</p><p>多线程请求所有职位url，抽取关键信息，存入csv文件。</p><p>同时，从网络上采集一些代理IP写入redis数据库，在采集过程中从redis中随机选择代理进行采集。</p><p>最后，对约27400个样本数据聚合，分析。</p><h3 style=\"box-sizing: border-box; margin-top: 24px; margin-bottom: 16px; font-size: 1.25em; line-height: 1.25; color: rgb(36, 41, 46); font-family: -apple-system, BlinkMacSystemFont, &quot;Segoe UI&quot;, Helvetica, Arial, sans-serif, &quot;Apple Color Emoji&quot;, &quot;Segoe UI Emoji&quot;, &quot;Segoe UI Symbol&quot;; white-space: normal;\"><a href=\"https://github.com/nickliqian/lagou_job#1数据分析\" aria-hidden=\"true\" class=\"anchor\" id=\"user-content-1数据分析\" style=\"box-sizing: border-box; color: rgb(3, 102, 214); text-decoration-line: none; float: left; padding-right: 4px; margin-left: -20px; line-height: 1;\"></a>1.数据分析</h3><p style=\"box-sizing: border-box; margin-top: 0px; margin-bottom: 16px; color: rgb(36, 41, 46); font-family: -apple-system, BlinkMacSystemFont, &quot;Segoe UI&quot;, Helvetica, Arial, sans-serif, &quot;Apple Color Emoji&quot;, &quot;Segoe UI Emoji&quot;, &quot;Segoe UI Symbol&quot;; white-space: normal;\">本项目采集以下7个城市，7种类型的职位数量及相关资料。 （包括但不限于 工作地点/薪资/学历要求/经验要求/HR简历处理速度/HR活跃时间段/应聘者评论）</p><pre style=\"box-sizing: border-box; font-family: SFMono-Regular, Consolas, &quot;Liberation Mono&quot;, Menlo, Courier, monospace; font-size: 13.6px; margin-top: 0px; margin-bottom: 16px; word-wrap: normal; padding: 16px; overflow: auto; line-height: 1.45; background-color: rgb(246, 248, 250); border-radius: 3px; color: rgb(36, 41, 46);\">city_list&nbsp;=&nbsp;[&#39;深圳&#39;,&nbsp;&#39;北京&#39;,&nbsp;&#39;广州&#39;&nbsp;,&#39;上海&#39;,&nbsp;&#39;武汉&#39;,&nbsp;&#39;杭州&#39;,&nbsp;&#39;成都&#39;]\r\njob_type_list&nbsp;=&nbsp;[&#39;python&#39;,&#39;java&#39;,&nbsp;&#39;php&#39;,&nbsp;&#39;go&#39;,&nbsp;&#39;Android&#39;,&nbsp;&#39;C&#39;,&nbsp;&#39;C++&#39;]</pre><p style=\"box-sizing: border-box; margin-top: 0px; margin-bottom: 16px; color: rgb(36, 41, 46); font-family: -apple-system, BlinkMacSystemFont, &quot;Segoe UI&quot;, Helvetica, Arial, sans-serif, &quot;Apple Color Emoji&quot;, &quot;Segoe UI Emoji&quot;, &quot;Segoe UI Symbol&quot;; white-space: normal;\">基于这些数据，做了如下分析。</p><h4 style=\"box-sizing: border-box; margin-top: 24px; margin-bottom: 16px; line-height: 1.25; color: rgb(36, 41, 46); font-family: -apple-system, BlinkMacSystemFont, &quot;Segoe UI&quot;, Helvetica, Arial, sans-serif, &quot;Apple Color Emoji&quot;, &quot;Segoe UI Emoji&quot;, &quot;Segoe UI Symbol&quot;; white-space: normal;\"><a href=\"https://github.com/nickliqian/lagou_job#各编程语言薪资水平\" aria-hidden=\"true\" class=\"anchor\" id=\"user-content-各编程语言薪资水平\" style=\"box-sizing: border-box; color: rgb(3, 102, 214); text-decoration-line: none; float: left; padding-right: 4px; margin-left: -20px; line-height: 1;\"></a>各编程语言薪资水平</h4><p style=\"box-sizing: border-box; margin-top: 0px; margin-bottom: 16px; color: rgb(36, 41, 46); font-family: -apple-system, BlinkMacSystemFont, &quot;Segoe UI&quot;, Helvetica, Arial, sans-serif, &quot;Apple Color Emoji&quot;, &quot;Segoe UI Emoji&quot;, &quot;Segoe UI Symbol&quot;; white-space: normal;\">可以看到目前go语言给出的薪资的中位数最高。&nbsp;<a href=\"https://github.com/nickliqian/lagou_job/blob/master/data%20analysis/%E7%BC%96%E7%A8%8B%E8%AF%AD%E8%A8%80%E8%96%AA%E8%B5%84%E6%B0%B4%E5%B9%B3.png\" target=\"_blank\" style=\"box-sizing: border-box; color: rgb(3, 102, 214); text-decoration-line: none;\"><img src=\"https://github.com/nickliqian/lagou_job/raw/master/data%20analysis/%E7%BC%96%E7%A8%8B%E8%AF%AD%E8%A8%80%E8%96%AA%E8%B5%84%E6%B0%B4%E5%B9%B3.png\" alt=\"image\" style=\"box-sizing: content-box; border-style: none; max-width: 100%; background-color: rgb(255, 255, 255);\"/></a></p><h4 style=\"box-sizing: border-box; margin-top: 24px; margin-bottom: 16px; line-height: 1.25; color: rgb(36, 41, 46); font-family: -apple-system, BlinkMacSystemFont, &quot;Segoe UI&quot;, Helvetica, Arial, sans-serif, &quot;Apple Color Emoji&quot;, &quot;Segoe UI Emoji&quot;, &quot;Segoe UI Symbol&quot;; white-space: normal;\"><a href=\"https://github.com/nickliqian/lagou_job#hr活跃的时间段\" aria-hidden=\"true\" class=\"anchor\" id=\"user-content-hr活跃的时间段\" style=\"box-sizing: border-box; color: rgb(3, 102, 214); text-decoration-line: none; float: left; padding-right: 4px; margin-left: -20px; line-height: 1;\"></a>HR活跃的时间段</h4><p style=\"box-sizing: border-box; margin-top: 0px; margin-bottom: 16px; color: rgb(36, 41, 46); font-family: -apple-system, BlinkMacSystemFont, &quot;Segoe UI&quot;, Helvetica, Arial, sans-serif, &quot;Apple Color Emoji&quot;, &quot;Segoe UI Emoji&quot;, &quot;Segoe UI Symbol&quot;; white-space: normal;\"><a href=\"https://github.com/nickliqian/lagou_job/blob/master/data%20analysis/HR%E6%B4%BB%E8%B7%83%E7%9A%84%E6%97%B6%E9%97%B4%E6%AE%B5.png\" target=\"_blank\" style=\"box-sizing: border-box; color: rgb(3, 102, 214); text-decoration-line: none;\"><img src=\"https://github.com/nickliqian/lagou_job/raw/master/data%20analysis/HR%E6%B4%BB%E8%B7%83%E7%9A%84%E6%97%B6%E9%97%B4%E6%AE%B5.png\" alt=\"image\" style=\"box-sizing: content-box; border-style: none; max-width: 100%; background-color: rgb(255, 255, 255);\"/></a></p><h4 style=\"box-sizing: border-box; margin-top: 24px; margin-bottom: 16px; line-height: 1.25; color: rgb(36, 41, 46); font-family: -apple-system, BlinkMacSystemFont, &quot;Segoe UI&quot;, Helvetica, Arial, sans-serif, &quot;Apple Color Emoji&quot;, &quot;Segoe UI Emoji&quot;, &quot;Segoe UI Symbol&quot;; white-space: normal;\"><a href=\"https://github.com/nickliqian/lagou_job#hr简历处理速度\" aria-hidden=\"true\" class=\"anchor\" id=\"user-content-hr简历处理速度\" style=\"box-sizing: border-box; color: rgb(3, 102, 214); text-decoration-line: none; float: left; padding-right: 4px; margin-left: -20px; line-height: 1;\"></a>HR简历处理速度</h4><p style=\"box-sizing: border-box; margin-top: 0px; margin-bottom: 16px; color: rgb(36, 41, 46); font-family: -apple-system, BlinkMacSystemFont, &quot;Segoe UI&quot;, Helvetica, Arial, sans-serif, &quot;Apple Color Emoji&quot;, &quot;Segoe UI Emoji&quot;, &quot;Segoe UI Symbol&quot;; white-space: normal;\"><a href=\"https://github.com/nickliqian/lagou_job/blob/master/data%20analysis/%E7%AE%80%E5%8E%86%E5%A4%84%E7%90%86%E9%80%9F%E5%BA%A6.png\" target=\"_blank\" style=\"box-sizing: border-box; color: rgb(3, 102, 214); text-decoration-line: none;\"><img src=\"https://github.com/nickliqian/lagou_job/raw/master/data%20analysis/%E7%AE%80%E5%8E%86%E5%A4%84%E7%90%86%E9%80%9F%E5%BA%A6.png\" alt=\"image\" style=\"box-sizing: content-box; border-style: none; max-width: 100%; background-color: rgb(255, 255, 255);\"/></a></p><h4 style=\"box-sizing: border-box; margin-top: 24px; margin-bottom: 16px; line-height: 1.25; color: rgb(36, 41, 46); font-family: -apple-system, BlinkMacSystemFont, &quot;Segoe UI&quot;, Helvetica, Arial, sans-serif, &quot;Apple Color Emoji&quot;, &quot;Segoe UI Emoji&quot;, &quot;Segoe UI Symbol&quot;; white-space: normal;\"><a href=\"https://github.com/nickliqian/lagou_job#各语言职位数量\" aria-hidden=\"true\" class=\"anchor\" id=\"user-content-各语言职位数量\" style=\"box-sizing: border-box; color: rgb(3, 102, 214); text-decoration-line: none; float: left; padding-right: 4px; margin-left: -20px; line-height: 1;\"></a>各语言职位数量</h4><p style=\"box-sizing: border-box; margin-top: 0px; margin-bottom: 16px; color: rgb(36, 41, 46); font-family: -apple-system, BlinkMacSystemFont, &quot;Segoe UI&quot;, Helvetica, Arial, sans-serif, &quot;Apple Color Emoji&quot;, &quot;Segoe UI Emoji&quot;, &quot;Segoe UI Symbol&quot;; white-space: normal;\"><a href=\"https://github.com/nickliqian/lagou_job/blob/master/data%20analysis/%E8%81%8C%E4%BD%8D%E6%95%B0%E9%87%8F.png\" target=\"_blank\" style=\"box-sizing: border-box; color: rgb(3, 102, 214); text-decoration-line: none;\"><img src=\"https://github.com/nickliqian/lagou_job/raw/master/data%20analysis/%E8%81%8C%E4%BD%8D%E6%95%B0%E9%87%8F.png\" alt=\"image\" style=\"box-sizing: content-box; border-style: none; max-width: 100%; background-color: rgb(255, 255, 255);\"/></a></p><h4 style=\"box-sizing: border-box; margin-top: 24px; margin-bottom: 16px; line-height: 1.25; color: rgb(36, 41, 46); font-family: -apple-system, BlinkMacSystemFont, &quot;Segoe UI&quot;, Helvetica, Arial, sans-serif, &quot;Apple Color Emoji&quot;, &quot;Segoe UI Emoji&quot;, &quot;Segoe UI Symbol&quot;; white-space: normal;\"><a href=\"https://github.com/nickliqian/lagou_job#各城市需求量\" aria-hidden=\"true\" class=\"anchor\" id=\"user-content-各城市需求量\" style=\"box-sizing: border-box; color: rgb(3, 102, 214); text-decoration-line: none; float: left; padding-right: 4px; margin-left: -20px; line-height: 1;\"></a>各城市需求量</h4><p style=\"box-sizing: border-box; margin-top: 0px; margin-bottom: 16px; color: rgb(36, 41, 46); font-family: -apple-system, BlinkMacSystemFont, &quot;Segoe UI&quot;, Helvetica, Arial, sans-serif, &quot;Apple Color Emoji&quot;, &quot;Segoe UI Emoji&quot;, &quot;Segoe UI Symbol&quot;; white-space: normal;\"><a href=\"https://github.com/nickliqian/lagou_job/blob/master/data%20analysis/%E5%90%84%E5%9F%8E%E5%B8%82%E9%9C%80%E6%B1%82%E9%87%8F.png\" target=\"_blank\" style=\"box-sizing: border-box; color: rgb(3, 102, 214); text-decoration-line: none;\"><img src=\"https://github.com/nickliqian/lagou_job/raw/master/data%20analysis/%E5%90%84%E5%9F%8E%E5%B8%82%E9%9C%80%E6%B1%82%E9%87%8F.png\" alt=\"image\" style=\"box-sizing: content-box; border-style: none; max-width: 100%; background-color: rgb(255, 255, 255);\"/></a></p><h4 style=\"box-sizing: border-box; margin-top: 24px; margin-bottom: 16px; line-height: 1.25; color: rgb(36, 41, 46); font-family: -apple-system, BlinkMacSystemFont, &quot;Segoe UI&quot;, Helvetica, Arial, sans-serif, &quot;Apple Color Emoji&quot;, &quot;Segoe UI Emoji&quot;, &quot;Segoe UI Symbol&quot;; white-space: normal;\"><a href=\"https://github.com/nickliqian/lagou_job#职位要求经验\" aria-hidden=\"true\" class=\"anchor\" id=\"user-content-职位要求经验\" style=\"box-sizing: border-box; color: rgb(3, 102, 214); text-decoration-line: none; float: left; padding-right: 4px; margin-left: -20px; line-height: 1;\"></a>职位要求经验</h4><p style=\"box-sizing: border-box; margin-top: 0px; margin-bottom: 16px; color: rgb(36, 41, 46); font-family: -apple-system, BlinkMacSystemFont, &quot;Segoe UI&quot;, Helvetica, Arial, sans-serif, &quot;Apple Color Emoji&quot;, &quot;Segoe UI Emoji&quot;, &quot;Segoe UI Symbol&quot;; white-space: normal;\"><a href=\"https://github.com/nickliqian/lagou_job/blob/master/data%20analysis/%E8%81%8C%E4%BD%8D%E8%A6%81%E6%B1%82%E7%BB%8F%E9%AA%8C.png\" target=\"_blank\" style=\"box-sizing: border-box; color: rgb(3, 102, 214); text-decoration-line: none;\"><img src=\"https://github.com/nickliqian/lagou_job/raw/master/data%20analysis/%E8%81%8C%E4%BD%8D%E8%A6%81%E6%B1%82%E7%BB%8F%E9%AA%8C.png\" alt=\"image\" style=\"box-sizing: content-box; border-style: none; max-width: 100%; background-color: rgb(255, 255, 255);\"/></a></p><h4 style=\"box-sizing: border-box; margin-top: 24px; margin-bottom: 16px; line-height: 1.25; color: rgb(36, 41, 46); font-family: -apple-system, BlinkMacSystemFont, &quot;Segoe UI&quot;, Helvetica, Arial, sans-serif, &quot;Apple Color Emoji&quot;, &quot;Segoe UI Emoji&quot;, &quot;Segoe UI Symbol&quot;; white-space: normal;\"><a href=\"https://github.com/nickliqian/lagou_job#职位要求学历\" aria-hidden=\"true\" class=\"anchor\" id=\"user-content-职位要求学历\" style=\"box-sizing: border-box; color: rgb(3, 102, 214); text-decoration-line: none; float: left; padding-right: 4px; margin-left: -20px; line-height: 1;\"></a>职位要求学历</h4><p style=\"box-sizing: border-box; margin-top: 0px; margin-bottom: 16px; color: rgb(36, 41, 46); font-family: -apple-system, BlinkMacSystemFont, &quot;Segoe UI&quot;, Helvetica, Arial, sans-serif, &quot;Apple Color Emoji&quot;, &quot;Segoe UI Emoji&quot;, &quot;Segoe UI Symbol&quot;; white-space: normal;\"><a href=\"https://github.com/nickliqian/lagou_job/blob/master/data%20analysis/%E8%81%8C%E4%BD%8D%E8%A6%81%E6%B1%82%E5%AD%A6%E5%8E%86.png\" target=\"_blank\" style=\"box-sizing: border-box; color: rgb(3, 102, 214); text-decoration-line: none;\"><img src=\"https://github.com/nickliqian/lagou_job/raw/master/data%20analysis/%E8%81%8C%E4%BD%8D%E8%A6%81%E6%B1%82%E5%AD%A6%E5%8E%86.png\" alt=\"image\" style=\"box-sizing: content-box; border-style: none; max-width: 100%; background-color: rgb(255, 255, 255);\"/></a></p><h3 style=\"box-sizing: border-box; margin-top: 24px; margin-bottom: 16px; font-size: 1.25em; line-height: 1.25; color: rgb(36, 41, 46); font-family: -apple-system, BlinkMacSystemFont, &quot;Segoe UI&quot;, Helvetica, Arial, sans-serif, &quot;Apple Color Emoji&quot;, &quot;Segoe UI Emoji&quot;, &quot;Segoe UI Symbol&quot;; white-space: normal;\"><a href=\"https://github.com/nickliqian/lagou_job#2项目文件说明\" aria-hidden=\"true\" class=\"anchor\" id=\"user-content-2项目文件说明\" style=\"box-sizing: border-box; color: rgb(3, 102, 214); text-decoration-line: none; float: left; padding-right: 4px; margin-left: -20px; line-height: 1;\"></a>2.项目文件说明</h3><h4 style=\"box-sizing: border-box; margin-top: 24px; margin-bottom: 16px; line-height: 1.25; color: rgb(36, 41, 46); font-family: -apple-system, BlinkMacSystemFont, &quot;Segoe UI&quot;, Helvetica, Arial, sans-serif, &quot;Apple Color Emoji&quot;, &quot;Segoe UI Emoji&quot;, &quot;Segoe UI Symbol&quot;; white-space: normal;\"><a href=\"https://github.com/nickliqian/lagou_job#crawlpy\" aria-hidden=\"true\" class=\"anchor\" id=\"user-content-crawlpy\" style=\"box-sizing: border-box; color: rgb(3, 102, 214); text-decoration-line: none; float: left; padding-right: 4px; margin-left: -20px; line-height: 1;\"></a>Crawl.py</h4><ul style=\"box-sizing: border-box; padding-left: 2em; margin-bottom: 16px; color: rgb(36, 41, 46); font-family: -apple-system, BlinkMacSystemFont, &quot;Segoe UI&quot;, Helvetica, Arial, sans-serif, &quot;Apple Color Emoji&quot;, &quot;Segoe UI Emoji&quot;, &quot;Segoe UI Symbol&quot;; white-space: normal;\" class=\" list-paddingleft-2\"><li><p>调度器，使用多线程分别执行请求和解析响应的任务，并存到本地或者写入数据库。</p></li><li><p>需要提供目标关键词和城市。</p></li></ul><h4 style=\"box-sizing: border-box; margin-top: 24px; margin-bottom: 16px; line-height: 1.25; color: rgb(36, 41, 46); font-family: -apple-system, BlinkMacSystemFont, &quot;Segoe UI&quot;, Helvetica, Arial, sans-serif, &quot;Apple Color Emoji&quot;, &quot;Segoe UI Emoji&quot;, &quot;Segoe UI Symbol&quot;; white-space: normal;\"><a href=\"https://github.com/nickliqian/lagou_job#lagourequestandparsepy\" aria-hidden=\"true\" class=\"anchor\" id=\"user-content-lagourequestandparsepy\" style=\"box-sizing: border-box; color: rgb(3, 102, 214); text-decoration-line: none; float: left; padding-right: 4px; margin-left: -20px; line-height: 1;\"></a>LagouRequestAndParse.py</h4><ul style=\"box-sizing: border-box; padding-left: 2em; margin-bottom: 16px; color: rgb(36, 41, 46); font-family: -apple-system, BlinkMacSystemFont, &quot;Segoe UI&quot;, Helvetica, Arial, sans-serif, &quot;Apple Color Emoji&quot;, &quot;Segoe UI Emoji&quot;, &quot;Segoe UI Symbol&quot;; white-space: normal;\" class=\" list-paddingleft-2\"><li><p>封装针对logou.com的请求函数和响应解析函数</p></li><li><p>需要提供cookie。</p></li></ul><h4 style=\"box-sizing: border-box; margin-top: 24px; margin-bottom: 16px; line-height: 1.25; color: rgb(36, 41, 46); font-family: -apple-system, BlinkMacSystemFont, &quot;Segoe UI&quot;, Helvetica, Arial, sans-serif, &quot;Apple Color Emoji&quot;, &quot;Segoe UI Emoji&quot;, &quot;Segoe UI Symbol&quot;; white-space: normal;\"><a href=\"https://github.com/nickliqian/lagou_job#filtermanyproxypy\" aria-hidden=\"true\" class=\"anchor\" id=\"user-content-filtermanyproxypy\" style=\"box-sizing: border-box; color: rgb(3, 102, 214); text-decoration-line: none; float: left; padding-right: 4px; margin-left: -20px; line-height: 1;\"></a>FilterManyProxy.py</h4><ul style=\"box-sizing: border-box; padding-left: 2em; margin-bottom: 16px; color: rgb(36, 41, 46); font-family: -apple-system, BlinkMacSystemFont, &quot;Segoe UI&quot;, Helvetica, Arial, sans-serif, &quot;Apple Color Emoji&quot;, &quot;Segoe UI Emoji&quot;, &quot;Segoe UI Symbol&quot;; white-space: normal;\" class=\" list-paddingleft-2\"><li><p>从网络上获取免费的代理ip，并筛选可用的代理ip:port。</p></li><li><p>存入本地redis数据库的proxy_ip集合（不会重复）里面，形成可用的ip池。</p></li><li><p>或者存入本地json文件。</p></li></ul><h4 style=\"box-sizing: border-box; margin-top: 24px; margin-bottom: 16px; line-height: 1.25; color: rgb(36, 41, 46); font-family: -apple-system, BlinkMacSystemFont, &quot;Segoe UI&quot;, Helvetica, Arial, sans-serif, &quot;Apple Color Emoji&quot;, &quot;Segoe UI Emoji&quot;, &quot;Segoe UI Symbol&quot;; white-space: normal;\"><a href=\"https://github.com/nickliqian/lagou_job#manyproxespy\" aria-hidden=\"true\" class=\"anchor\" id=\"user-content-manyproxespy\" style=\"box-sizing: border-box; color: rgb(3, 102, 214); text-decoration-line: none; float: left; padding-right: 4px; margin-left: -20px; line-height: 1;\"></a>ManyProxes.py</h4><ul style=\"box-sizing: border-box; padding-left: 2em; margin-bottom: 16px; color: rgb(36, 41, 46); font-family: -apple-system, BlinkMacSystemFont, &quot;Segoe UI&quot;, Helvetica, Arial, sans-serif, &quot;Apple Color Emoji&quot;, &quot;Segoe UI Emoji&quot;, &quot;Segoe UI Symbol&quot;; white-space: normal;\" class=\" list-paddingleft-2\"><li><p>调用getSingleProxy从reids中随机获得一个代理ip。</p></li><li><p>调用getProxy(n)从redis中随机获得n个代理ip。</p></li><li><p>调用printProxyNums显示redis中当前的可用代理ip个数。</p></li><li><p>调用checkProxy检测redis中代理ip的可用性，并刷新数据库（尚未完成）。</p></li></ul><h4 style=\"box-sizing: border-box; margin-top: 24px; margin-bottom: 16px; line-height: 1.25; color: rgb(36, 41, 46); font-family: -apple-system, BlinkMacSystemFont, &quot;Segoe UI&quot;, Helvetica, Arial, sans-serif, &quot;Apple Color Emoji&quot;, &quot;Segoe UI Emoji&quot;, &quot;Segoe UI Symbol&quot;; white-space: normal;\"><a href=\"https://github.com/nickliqian/lagou_job#manyuseragentspy\" aria-hidden=\"true\" class=\"anchor\" id=\"user-content-manyuseragentspy\" style=\"box-sizing: border-box; color: rgb(3, 102, 214); text-decoration-line: none; float: left; padding-right: 4px; margin-left: -20px; line-height: 1;\"></a>ManyUserAgents.py</h4><ul style=\"box-sizing: border-box; padding-left: 2em; margin-bottom: 16px; color: rgb(36, 41, 46); font-family: -apple-system, BlinkMacSystemFont, &quot;Segoe UI&quot;, Helvetica, Arial, sans-serif, &quot;Apple Color Emoji&quot;, &quot;Segoe UI Emoji&quot;, &quot;Segoe UI Symbol&quot;; white-space: normal;\" class=\" list-paddingleft-2\"><li><p>调用getRandomUserAgent，返回一个随机的User-Agent。</p></li></ul><h4 style=\"box-sizing: border-box; margin-top: 24px; margin-bottom: 16px; line-height: 1.25; color: rgb(36, 41, 46); font-family: -apple-system, BlinkMacSystemFont, &quot;Segoe UI&quot;, Helvetica, Arial, sans-serif, &quot;Apple Color Emoji&quot;, &quot;Segoe UI Emoji&quot;, &quot;Segoe UI Symbol&quot;; white-space: normal;\"><a href=\"https://github.com/nickliqian/lagou_job#json_to_csv_filepy\" aria-hidden=\"true\" class=\"anchor\" id=\"user-content-json_to_csv_filepy\" style=\"box-sizing: border-box; color: rgb(3, 102, 214); text-decoration-line: none; float: left; padding-right: 4px; margin-left: -20px; line-height: 1;\"></a>json_To_Csv_File.py</h4><ul style=\"box-sizing: border-box; padding-left: 2em; margin-bottom: 16px; color: rgb(36, 41, 46); font-family: -apple-system, BlinkMacSystemFont, &quot;Segoe UI&quot;, Helvetica, Arial, sans-serif, &quot;Apple Color Emoji&quot;, &quot;Segoe UI Emoji&quot;, &quot;Segoe UI Symbol&quot;; white-space: normal;\" class=\" list-paddingleft-2\"><li><p>一键将本项目中的json文件转为csv文件。</p></li></ul><h3 style=\"box-sizing: border-box; margin-top: 24px; margin-bottom: 16px; font-size: 1.25em; line-height: 1.25; color: rgb(36, 41, 46); font-family: -apple-system, BlinkMacSystemFont, &quot;Segoe UI&quot;, Helvetica, Arial, sans-serif, &quot;Apple Color Emoji&quot;, &quot;Segoe UI Emoji&quot;, &quot;Segoe UI Symbol&quot;; white-space: normal;\"><a href=\"https://github.com/nickliqian/lagou_job#3代码实现流程\" aria-hidden=\"true\" class=\"anchor\" id=\"user-content-3代码实现流程\" style=\"box-sizing: border-box; color: rgb(3, 102, 214); text-decoration-line: none; float: left; padding-right: 4px; margin-left: -20px; line-height: 1;\"></a>3.代码实现流程</h3><p style=\"box-sizing: border-box; margin-top: 0px; margin-bottom: 16px; color: rgb(36, 41, 46); font-family: -apple-system, BlinkMacSystemFont, &quot;Segoe UI&quot;, Helvetica, Arial, sans-serif, &quot;Apple Color Emoji&quot;, &quot;Segoe UI Emoji&quot;, &quot;Segoe UI Symbol&quot;; white-space: normal;\"><a href=\"https://github.com/nickliqian/lagou_job/blob/master/lagou_spider.png\" target=\"_blank\" style=\"box-sizing: border-box; color: rgb(3, 102, 214); text-decoration-line: none;\"><img src=\"https://github.com/nickliqian/lagou_job/raw/master/lagou_spider.png\" alt=\"image\" style=\"box-sizing: content-box; border-style: none; max-width: 100%; background-color: rgb(255, 255, 255);\"/></a></p><h3 style=\"box-sizing: border-box; margin-top: 24px; margin-bottom: 16px; font-size: 1.25em; line-height: 1.25; color: rgb(36, 41, 46); font-family: -apple-system, BlinkMacSystemFont, &quot;Segoe UI&quot;, Helvetica, Arial, sans-serif, &quot;Apple Color Emoji&quot;, &quot;Segoe UI Emoji&quot;, &quot;Segoe UI Symbol&quot;; white-space: normal;\"><a href=\"https://github.com/nickliqian/lagou_job#4如何使用\" aria-hidden=\"true\" class=\"anchor\" id=\"user-content-4如何使用\" style=\"box-sizing: border-box; color: rgb(3, 102, 214); text-decoration-line: none; float: left; padding-right: 4px; margin-left: -20px; line-height: 1;\"></a>4.如何使用</h3><p style=\"box-sizing: border-box; margin-top: 0px; margin-bottom: 16px; color: rgb(36, 41, 46); font-family: -apple-system, BlinkMacSystemFont, &quot;Segoe UI&quot;, Helvetica, Arial, sans-serif, &quot;Apple Color Emoji&quot;, &quot;Segoe UI Emoji&quot;, &quot;Segoe UI Symbol&quot;; white-space: normal;\">打开Crawl.py，自定义<code style=\"box-sizing: border-box; font-family: SFMono-Regular, Consolas, &quot;Liberation Mono&quot;, Menlo, Courier, monospace; font-size: 13.6px; padding: 0.2em 0px; margin: 0px; background-color: rgba(27, 31, 35, 0.05); border-radius: 3px;\">city_list/job_type_list/threading_num</code>即可运行。</p><h3 style=\"box-sizing: border-box; margin-top: 24px; margin-bottom: 16px; font-size: 1.25em; line-height: 1.25; color: rgb(36, 41, 46); font-family: -apple-system, BlinkMacSystemFont, &quot;Segoe UI&quot;, Helvetica, Arial, sans-serif, &quot;Apple Color Emoji&quot;, &quot;Segoe UI Emoji&quot;, &quot;Segoe UI Symbol&quot;; white-space: normal;\"><a href=\"https://github.com/nickliqian/lagou_job#5下一个版本\" aria-hidden=\"true\" class=\"anchor\" id=\"user-content-5下一个版本\" style=\"box-sizing: border-box; color: rgb(3, 102, 214); text-decoration-line: none; float: left; padding-right: 4px; margin-left: -20px; line-height: 1;\"></a>5.下一个版本</h3><h4 style=\"box-sizing: border-box; margin-top: 24px; margin-bottom: 16px; line-height: 1.25; color: rgb(36, 41, 46); font-family: -apple-system, BlinkMacSystemFont, &quot;Segoe UI&quot;, Helvetica, Arial, sans-serif, &quot;Apple Color Emoji&quot;, &quot;Segoe UI Emoji&quot;, &quot;Segoe UI Symbol&quot;; white-space: normal;\"><a href=\"https://github.com/nickliqian/lagou_job#i增加managepy文件\" aria-hidden=\"true\" class=\"anchor\" id=\"user-content-i增加managepy文件\" style=\"box-sizing: border-box; color: rgb(3, 102, 214); text-decoration-line: none; float: left; padding-right: 4px; margin-left: -20px; line-height: 1;\"></a>I.增加manage.py文件</h4><p style=\"box-sizing: border-box; margin-top: 0px; margin-bottom: 16px; color: rgb(36, 41, 46); font-family: -apple-system, BlinkMacSystemFont, &quot;Segoe UI&quot;, Helvetica, Arial, sans-serif, &quot;Apple Color Emoji&quot;, &quot;Segoe UI Emoji&quot;, &quot;Segoe UI Symbol&quot;; white-space: normal;\">计划增加manage.py文件，并把项目修改为类似API的形式。只需输入关键词，城市列表和线程数量，即可输出一个包含这些城市的职位信息的json文件。</p><blockquote style=\"box-sizing: border-box; margin: 0px 0px 16px; padding: 0px 1em; color: rgb(106, 115, 125); border-left: 0.25em solid rgb(223, 226, 229); font-family: -apple-system, BlinkMacSystemFont, &quot;Segoe UI&quot;, Helvetica, Arial, sans-serif, &quot;Apple Color Emoji&quot;, &quot;Segoe UI Emoji&quot;, &quot;Segoe UI Symbol&quot;; white-space: normal;\"><p style=\"box-sizing: border-box; margin-top: 0px; margin-bottom: 0px;\"><span style=\"box-sizing: border-box; font-weight: 600;\">示例--&gt;</span><br style=\"box-sizing: border-box;\"/><span style=\"box-sizing: border-box; font-weight: 600;\">input:</span><br style=\"box-sizing: border-box;\"/>city_list = [ &#39;北京&#39;, &#39;广州&#39; ... ]<br style=\"box-sizing: border-box;\"/>job_type_list = [&#39;python&#39;，&#39;java&#39;...]<br style=\"box-sizing: border-box;\"/>threading_num = 10<br style=\"box-sizing: border-box;\"/><span style=\"box-sizing: border-box; font-weight: 600;\">output:</span><br style=\"box-sizing: border-box;\"/>FILE: lagou_data.json</p></blockquote><h4 style=\"box-sizing: border-box; margin-top: 24px; margin-bottom: 16px; line-height: 1.25; color: rgb(36, 41, 46); font-family: -apple-system, BlinkMacSystemFont, &quot;Segoe UI&quot;, Helvetica, Arial, sans-serif, &quot;Apple Color Emoji&quot;, &quot;Segoe UI Emoji&quot;, &quot;Segoe UI Symbol&quot;; white-space: normal;\"><a href=\"https://github.com/nickliqian/lagou_job#ii改善代理池的灵活性\" aria-hidden=\"true\" class=\"anchor\" id=\"user-content-ii改善代理池的灵活性\" style=\"box-sizing: border-box; color: rgb(3, 102, 214); text-decoration-line: none; float: left; padding-right: 4px; margin-left: -20px; line-height: 1;\"></a>II.改善代理池的灵活性</h4><ul style=\"box-sizing: border-box; padding-left: 2em; color: rgb(36, 41, 46); font-family: -apple-system, BlinkMacSystemFont, &quot;Segoe UI&quot;, Helvetica, Arial, sans-serif, &quot;Apple Color Emoji&quot;, &quot;Segoe UI Emoji&quot;, &quot;Segoe UI Symbol&quot;; white-space: normal;\" class=\" list-paddingleft-2\"><li><p>增加更多免费获取代理ip的网址。</p></li><li><p>没有数据库连接，ip直接存到本地文件。</p></li><li><p>没有数据库连接，从本地文件获取ip。</p></li><li><p>支持更多类型数据库管理代理ip。</p></li></ul><p><br/></p>','no mark','2017-10-01 04:39:53.752422','2017-10-07 06:33:50.301880',0,2,'项目采集网站的分类职位信息，包括全国主要城市的几种编程语言的职位数量/职位详情/用户面试评论等数据。 构造目标城市/目标关键词的消息头，使用requests模块向采集网站发送get请求，获取所有职位url。 多线程请求所有职位url，抽取关键信息，存入csv文件。 同时，从网络上采集一些代理IP写入redis数据库，在采集过程中从redis中随机选择代理进行采集。 最后，对约27400个样本数据聚'),(4,'采集百度贴吧大学贴吧数据','nickliqian/Baidu-tieba-university','<h1 style=\"box-sizing: border-box; margin-right: 0px; margin-bottom: 16px; margin-left: 0px; line-height: 1.25; padding-bottom: 0.3em; border-bottom: 1px solid rgb(234, 236, 239); color: rgb(36, 41, 46); font-family: -apple-system, BlinkMacSystemFont, &quot;Segoe UI&quot;, Helvetica, Arial, sans-serif, &quot;Apple Color Emoji&quot;, &quot;Segoe UI Emoji&quot;, &quot;Segoe UI Symbol&quot;; white-space: normal; margin-top: 0px !important;\">Baidu-tieba-university</h1><h2>项目简介<br/></h2><p style=\"box-sizing: border-box; margin-top: 0px; margin-bottom: 16px; color: rgb(36, 41, 46); font-family: -apple-system, BlinkMacSystemFont, &quot;Segoe UI&quot;, Helvetica, Arial, sans-serif, &quot;Apple Color Emoji&quot;, &quot;Segoe UI Emoji&quot;, &quot;Segoe UI Symbol&quot;; white-space: normal;\">本项目使用python2编写。<br style=\"box-sizing: border-box;\"/></p><p>项目采集各个普通本科大学贴吧的会员总数/发帖总数/回复总数/帖子标题/发帖时间。</p><p>思路：先从教育类网站获取本科大学名称，约1200个。</p><p>考虑到并不是所有大学贴吧都开放，依次以大学名称为关键词向百度贴吧发出请求，并设定条件验证大学贴吧是否建立，排除未建立的贴吧</p><p>整理后的贴吧数量约1000个，依次发出，并从响应中提取会员总数/发帖总数/回复总数等信息，写入本地数据库。</p><p>同时，提取每个贴吧前五页的帖子标题，用作讨论热点分析。</p><p>聚合采集数据。</p><h2 style=\"box-sizing: border-box; margin-top: 24px; margin-bottom: 16px; line-height: 1.25; padding-bottom: 0.3em; border-bottom: 1px solid rgb(234, 236, 239); color: rgb(36, 41, 46); font-family: -apple-system, BlinkMacSystemFont, &quot;Segoe UI&quot;, Helvetica, Arial, sans-serif, &quot;Apple Color Emoji&quot;, &quot;Segoe UI Emoji&quot;, &quot;Segoe UI Symbol&quot;; white-space: normal;\"><a href=\"https://github.com/nickliqian/Baidu-tieba-university#function-introduce\" aria-hidden=\"true\" class=\"anchor\" id=\"user-content-function-introduce\" style=\"box-sizing: border-box; color: rgb(3, 102, 214); text-decoration-line: none; float: left; padding-right: 4px; margin-left: -20px; line-height: 1;\"></a>Function Introduce</h2><h3 style=\"box-sizing: border-box; margin-top: 24px; margin-bottom: 16px; font-size: 1.25em; line-height: 1.25; color: rgb(36, 41, 46); font-family: -apple-system, BlinkMacSystemFont, &quot;Segoe UI&quot;, Helvetica, Arial, sans-serif, &quot;Apple Color Emoji&quot;, &quot;Segoe UI Emoji&quot;, &quot;Segoe UI Symbol&quot;; white-space: normal;\"><a href=\"https://github.com/nickliqian/Baidu-tieba-university#1-get_university_listpy\" aria-hidden=\"true\" class=\"anchor\" id=\"user-content-1-get_university_listpy\" style=\"box-sizing: border-box; color: rgb(3, 102, 214); text-decoration-line: none; float: left; padding-right: 4px; margin-left: -20px; line-height: 1;\"></a>1. Get_university_list.py</h3><p style=\"box-sizing: border-box; margin-top: 0px; margin-bottom: 16px; color: rgb(36, 41, 46); font-family: -apple-system, BlinkMacSystemFont, &quot;Segoe UI&quot;, Helvetica, Arial, sans-serif, &quot;Apple Color Emoji&quot;, &quot;Segoe UI Emoji&quot;, &quot;Segoe UI Symbol&quot;; white-space: normal;\">从&nbsp;<a href=\"http://gkcx.eol.cn/\" style=\"box-sizing: border-box; color: rgb(3, 102, 214); text-decoration-line: none;\">http://gkcx.eol.cn</a>&nbsp;上获取大学的列表。&nbsp;<br style=\"box-sizing: border-box;\"/></p><h3 style=\"box-sizing: border-box; margin-top: 24px; margin-bottom: 16px; font-size: 1.25em; line-height: 1.25; color: rgb(36, 41, 46); font-family: -apple-system, BlinkMacSystemFont, &quot;Segoe UI&quot;, Helvetica, Arial, sans-serif, &quot;Apple Color Emoji&quot;, &quot;Segoe UI Emoji&quot;, &quot;Segoe UI Symbol&quot;; white-space: normal;\"><a href=\"https://github.com/nickliqian/Baidu-tieba-university#2-filter_university_with_tieba_webpypy\" aria-hidden=\"true\" class=\"anchor\" id=\"user-content-2-filter_university_with_tieba_webpypy\" style=\"box-sizing: border-box; color: rgb(3, 102, 214); text-decoration-line: none; float: left; padding-right: 4px; margin-left: -20px; line-height: 1;\"></a>2. Filter_university_with_tieba_web.py.py</h3><p style=\"box-sizing: border-box; margin-top: 0px; margin-bottom: 16px; color: rgb(36, 41, 46); font-family: -apple-system, BlinkMacSystemFont, &quot;Segoe UI&quot;, Helvetica, Arial, sans-serif, &quot;Apple Color Emoji&quot;, &quot;Segoe UI Emoji&quot;, &quot;Segoe UI Symbol&quot;; white-space: normal;\">&nbsp;筛选出有对应贴吧的大学名称。&nbsp;<br style=\"box-sizing: border-box;\"/></p><h3 style=\"box-sizing: border-box; margin-top: 24px; margin-bottom: 16px; font-size: 1.25em; line-height: 1.25; color: rgb(36, 41, 46); font-family: -apple-system, BlinkMacSystemFont, &quot;Segoe UI&quot;, Helvetica, Arial, sans-serif, &quot;Apple Color Emoji&quot;, &quot;Segoe UI Emoji&quot;, &quot;Segoe UI Symbol&quot;; white-space: normal;\"><a href=\"https://github.com/nickliqian/Baidu-tieba-university#3-collect_university_tieba_infopy\" aria-hidden=\"true\" class=\"anchor\" id=\"user-content-3-collect_university_tieba_infopy\" style=\"box-sizing: border-box; color: rgb(3, 102, 214); text-decoration-line: none; float: left; padding-right: 4px; margin-left: -20px; line-height: 1;\"></a>3. Collect_university_tieba_info.py</h3><p style=\"box-sizing: border-box; margin-top: 0px; margin-bottom: 16px; color: rgb(36, 41, 46); font-family: -apple-system, BlinkMacSystemFont, &quot;Segoe UI&quot;, Helvetica, Arial, sans-serif, &quot;Apple Color Emoji&quot;, &quot;Segoe UI Emoji&quot;, &quot;Segoe UI Symbol&quot;; white-space: normal;\">&nbsp;采集大学贴吧的发帖数量以及会员人数，存入本地的csv文件并分析。&nbsp;<br style=\"box-sizing: border-box;\"/></p><h3 style=\"box-sizing: border-box; margin-top: 24px; margin-bottom: 16px; font-size: 1.25em; line-height: 1.25; color: rgb(36, 41, 46); font-family: -apple-system, BlinkMacSystemFont, &quot;Segoe UI&quot;, Helvetica, Arial, sans-serif, &quot;Apple Color Emoji&quot;, &quot;Segoe UI Emoji&quot;, &quot;Segoe UI Symbol&quot;; white-space: normal;\"><a href=\"https://github.com/nickliqian/Baidu-tieba-university#4-collect_tieba_items_title_to_filepy\" aria-hidden=\"true\" class=\"anchor\" id=\"user-content-4-collect_tieba_items_title_to_filepy\" style=\"box-sizing: border-box; color: rgb(3, 102, 214); text-decoration-line: none; float: left; padding-right: 4px; margin-left: -20px; line-height: 1;\"></a>4. Collect_tieba_items_title_to_file.py</h3><p style=\"box-sizing: border-box; margin-top: 0px; margin-bottom: 16px; color: rgb(36, 41, 46); font-family: -apple-system, BlinkMacSystemFont, &quot;Segoe UI&quot;, Helvetica, Arial, sans-serif, &quot;Apple Color Emoji&quot;, &quot;Segoe UI Emoji&quot;, &quot;Segoe UI Symbol&quot;; white-space: normal;\">&nbsp;多线程采集大学贴吧前五页主题帖的标题/作者/回复数量等信息，并按文件夹分类存到本地。&nbsp;<br style=\"box-sizing: border-box;\"/></p><h3 style=\"box-sizing: border-box; margin-top: 24px; margin-bottom: 16px; font-size: 1.25em; line-height: 1.25; color: rgb(36, 41, 46); font-family: -apple-system, BlinkMacSystemFont, &quot;Segoe UI&quot;, Helvetica, Arial, sans-serif, &quot;Apple Color Emoji&quot;, &quot;Segoe UI Emoji&quot;, &quot;Segoe UI Symbol&quot;; white-space: normal;\"><a href=\"https://github.com/nickliqian/Baidu-tieba-university#5-collect_tieba_items_title_to_mysqlpy\" aria-hidden=\"true\" class=\"anchor\" id=\"user-content-5-collect_tieba_items_title_to_mysqlpy\" style=\"box-sizing: border-box; color: rgb(3, 102, 214); text-decoration-line: none; float: left; padding-right: 4px; margin-left: -20px; line-height: 1;\"></a>5. Collect_tieba_items_title_to_MySQL.py</h3><p style=\"box-sizing: border-box; margin-top: 0px; margin-bottom: 16px; color: rgb(36, 41, 46); font-family: -apple-system, BlinkMacSystemFont, &quot;Segoe UI&quot;, Helvetica, Arial, sans-serif, &quot;Apple Color Emoji&quot;, &quot;Segoe UI Emoji&quot;, &quot;Segoe UI Symbol&quot;; white-space: normal;\">&nbsp;多线程采集大学贴吧前五页主题帖的标题/作者/回复数量等信息，存入MySQL数据库。&nbsp;<br style=\"box-sizing: border-box;\"/></p><h1 style=\"box-sizing: border-box; margin: 24px 0px 16px; line-height: 1.25; padding-bottom: 0.3em; border-bottom: 1px solid rgb(234, 236, 239); color: rgb(36, 41, 46); font-family: -apple-system, BlinkMacSystemFont, &quot;Segoe UI&quot;, Helvetica, Arial, sans-serif, &quot;Apple Color Emoji&quot;, &quot;Segoe UI Emoji&quot;, &quot;Segoe UI Symbol&quot;; white-space: normal;\"><a href=\"https://github.com/nickliqian/Baidu-tieba-university#data-analysis\" aria-hidden=\"true\" class=\"anchor\" id=\"user-content-data-analysis\" style=\"box-sizing: border-box; color: rgb(3, 102, 214); text-decoration-line: none; float: left; padding-right: 4px; margin-left: -20px; line-height: 1;\"></a>Data Analysis</h1><h3 style=\"box-sizing: border-box; margin-top: 24px; margin-bottom: 16px; font-size: 1.25em; line-height: 1.25; color: rgb(36, 41, 46); font-family: -apple-system, BlinkMacSystemFont, &quot;Segoe UI&quot;, Helvetica, Arial, sans-serif, &quot;Apple Color Emoji&quot;, &quot;Segoe UI Emoji&quot;, &quot;Segoe UI Symbol&quot;; white-space: normal;\"><a href=\"https://github.com/nickliqian/Baidu-tieba-university#1百度贴吧本科大学贴吧会员人数万\" aria-hidden=\"true\" class=\"anchor\" id=\"user-content-1百度贴吧本科大学贴吧会员人数万\" style=\"box-sizing: border-box; color: rgb(3, 102, 214); text-decoration-line: none; float: left; padding-right: 4px; margin-left: -20px; line-height: 1;\"></a>1.百度贴吧本科大学贴吧会员人数(万)</h3><p style=\"box-sizing: border-box; margin-top: 0px; margin-bottom: 16px; color: rgb(36, 41, 46); font-family: -apple-system, BlinkMacSystemFont, &quot;Segoe UI&quot;, Helvetica, Arial, sans-serif, &quot;Apple Color Emoji&quot;, &quot;Segoe UI Emoji&quot;, &quot;Segoe UI Symbol&quot;; white-space: normal;\"><a href=\"https://github.com/nickliqian/Baidu-tieba-university/blob/master/Analysis%20Chart/%E7%99%BE%E5%BA%A6%E8%B4%B4%E5%90%A7%E6%9C%AC%E7%A7%91%E5%A4%A7%E5%AD%A6%E8%B4%B4%E5%90%A7%E4%BC%9A%E5%91%98%E4%BA%BA%E6%95%B0(%E4%B8%87).png\" target=\"_blank\" style=\"box-sizing: border-box; color: rgb(3, 102, 214); text-decoration-line: none;\"><img src=\"https://github.com/nickliqian/Baidu-tieba-university/raw/master/Analysis%20Chart/%E7%99%BE%E5%BA%A6%E8%B4%B4%E5%90%A7%E6%9C%AC%E7%A7%91%E5%A4%A7%E5%AD%A6%E8%B4%B4%E5%90%A7%E4%BC%9A%E5%91%98%E4%BA%BA%E6%95%B0(%E4%B8%87).png\" alt=\"image\" style=\"box-sizing: content-box; border-style: none; max-width: 100%; background-color: rgb(255, 255, 255);\"/></a>&nbsp;三峡大学贴吧会员人数最多，为113W。然后是清华北大川大等校，会员数量约为50W。&nbsp;<br style=\"box-sizing: border-box;\"/></p><h3 style=\"box-sizing: border-box; margin-top: 24px; margin-bottom: 16px; font-size: 1.25em; line-height: 1.25; color: rgb(36, 41, 46); font-family: -apple-system, BlinkMacSystemFont, &quot;Segoe UI&quot;, Helvetica, Arial, sans-serif, &quot;Apple Color Emoji&quot;, &quot;Segoe UI Emoji&quot;, &quot;Segoe UI Symbol&quot;; white-space: normal;\"><a href=\"https://github.com/nickliqian/Baidu-tieba-university#2百度贴吧本科大学贴吧总回复贴数量万\" aria-hidden=\"true\" class=\"anchor\" id=\"user-content-2百度贴吧本科大学贴吧总回复贴数量万\" style=\"box-sizing: border-box; color: rgb(3, 102, 214); text-decoration-line: none; float: left; padding-right: 4px; margin-left: -20px; line-height: 1;\"></a>2.百度贴吧本科大学贴吧总回复贴数量(万)</h3><p style=\"box-sizing: border-box; margin-top: 0px; margin-bottom: 16px; color: rgb(36, 41, 46); font-family: -apple-system, BlinkMacSystemFont, &quot;Segoe UI&quot;, Helvetica, Arial, sans-serif, &quot;Apple Color Emoji&quot;, &quot;Segoe UI Emoji&quot;, &quot;Segoe UI Symbol&quot;; white-space: normal;\"><a href=\"https://github.com/nickliqian/Baidu-tieba-university/blob/master/Analysis%20Chart/%E7%99%BE%E5%BA%A6%E8%B4%B4%E5%90%A7%E6%9C%AC%E7%A7%91%E5%A4%A7%E5%AD%A6%E8%B4%B4%E5%90%A7%E6%80%BB%E5%9B%9E%E5%A4%8D%E8%B4%B4%E6%95%B0%E9%87%8F(%E4%B8%87).png\" target=\"_blank\" style=\"box-sizing: border-box; color: rgb(3, 102, 214); text-decoration-line: none;\"><img src=\"https://github.com/nickliqian/Baidu-tieba-university/raw/master/Analysis%20Chart/%E7%99%BE%E5%BA%A6%E8%B4%B4%E5%90%A7%E6%9C%AC%E7%A7%91%E5%A4%A7%E5%AD%A6%E8%B4%B4%E5%90%A7%E6%80%BB%E5%9B%9E%E5%A4%8D%E8%B4%B4%E6%95%B0%E9%87%8F(%E4%B8%87).png\" alt=\"image\" style=\"box-sizing: content-box; border-style: none; max-width: 100%; background-color: rgb(255, 255, 255);\"/></a>&nbsp;<br style=\"box-sizing: border-box;\"/></p><h3 style=\"box-sizing: border-box; margin-top: 24px; margin-bottom: 16px; font-size: 1.25em; line-height: 1.25; color: rgb(36, 41, 46); font-family: -apple-system, BlinkMacSystemFont, &quot;Segoe UI&quot;, Helvetica, Arial, sans-serif, &quot;Apple Color Emoji&quot;, &quot;Segoe UI Emoji&quot;, &quot;Segoe UI Symbol&quot;; white-space: normal;\"><a href=\"https://github.com/nickliqian/Baidu-tieba-university#3百度贴吧本科大学贴吧总主题帖数量万\" aria-hidden=\"true\" class=\"anchor\" id=\"user-content-3百度贴吧本科大学贴吧总主题帖数量万\" style=\"box-sizing: border-box; color: rgb(3, 102, 214); text-decoration-line: none; float: left; padding-right: 4px; margin-left: -20px; line-height: 1;\"></a>3.百度贴吧本科大学贴吧总主题帖数量(万)</h3><p style=\"box-sizing: border-box; margin-top: 0px; margin-bottom: 16px; color: rgb(36, 41, 46); font-family: -apple-system, BlinkMacSystemFont, &quot;Segoe UI&quot;, Helvetica, Arial, sans-serif, &quot;Apple Color Emoji&quot;, &quot;Segoe UI Emoji&quot;, &quot;Segoe UI Symbol&quot;; white-space: normal;\"><a href=\"https://github.com/nickliqian/Baidu-tieba-university/blob/master/Analysis%20Chart/%E7%99%BE%E5%BA%A6%E8%B4%B4%E5%90%A7%E6%9C%AC%E7%A7%91%E5%A4%A7%E5%AD%A6%E8%B4%B4%E5%90%A7%E6%80%BB%E4%B8%BB%E9%A2%98%E5%B8%96%E6%95%B0%E9%87%8F(%E4%B8%87).png\" target=\"_blank\" style=\"box-sizing: border-box; color: rgb(3, 102, 214); text-decoration-line: none;\"><img src=\"https://github.com/nickliqian/Baidu-tieba-university/raw/master/Analysis%20Chart/%E7%99%BE%E5%BA%A6%E8%B4%B4%E5%90%A7%E6%9C%AC%E7%A7%91%E5%A4%A7%E5%AD%A6%E8%B4%B4%E5%90%A7%E6%80%BB%E4%B8%BB%E9%A2%98%E5%B8%96%E6%95%B0%E9%87%8F(%E4%B8%87).png\" alt=\"image\" style=\"box-sizing: content-box; border-style: none; max-width: 100%; background-color: rgb(255, 255, 255);\"/></a>&nbsp;在总回复数和发主题贴数量来看，三峡清华北大武大会员人数多，但贴吧活跃度不高。&nbsp;<br style=\"box-sizing: border-box;\"/></p><h3 style=\"box-sizing: border-box; margin-top: 24px; margin-bottom: 16px; font-size: 1.25em; line-height: 1.25; color: rgb(36, 41, 46); font-family: -apple-system, BlinkMacSystemFont, &quot;Segoe UI&quot;, Helvetica, Arial, sans-serif, &quot;Apple Color Emoji&quot;, &quot;Segoe UI Emoji&quot;, &quot;Segoe UI Symbol&quot;; white-space: normal;\"><a href=\"https://github.com/nickliqian/Baidu-tieba-university#4百度贴吧本科大学贴吧人均发回复贴数量条\" aria-hidden=\"true\" class=\"anchor\" id=\"user-content-4百度贴吧本科大学贴吧人均发回复贴数量条\" style=\"box-sizing: border-box; color: rgb(3, 102, 214); text-decoration-line: none; float: left; padding-right: 4px; margin-left: -20px; line-height: 1;\"></a>4.百度贴吧本科大学贴吧人均发回复贴数量(条)</h3><p style=\"box-sizing: border-box; margin-top: 0px; margin-bottom: 16px; color: rgb(36, 41, 46); font-family: -apple-system, BlinkMacSystemFont, &quot;Segoe UI&quot;, Helvetica, Arial, sans-serif, &quot;Apple Color Emoji&quot;, &quot;Segoe UI Emoji&quot;, &quot;Segoe UI Symbol&quot;; white-space: normal;\"><a href=\"https://github.com/nickliqian/Baidu-tieba-university/blob/master/Analysis%20Chart/%E7%99%BE%E5%BA%A6%E8%B4%B4%E5%90%A7%E6%9C%AC%E7%A7%91%E5%A4%A7%E5%AD%A6%E8%B4%B4%E5%90%A7%E4%BA%BA%E5%9D%87%E5%8F%91%E5%9B%9E%E5%A4%8D%E8%B4%B4%E6%95%B0%E9%87%8F(%E6%9D%A1).png\" target=\"_blank\" style=\"box-sizing: border-box; color: rgb(3, 102, 214); text-decoration-line: none;\"><img src=\"https://github.com/nickliqian/Baidu-tieba-university/raw/master/Analysis%20Chart/%E7%99%BE%E5%BA%A6%E8%B4%B4%E5%90%A7%E6%9C%AC%E7%A7%91%E5%A4%A7%E5%AD%A6%E8%B4%B4%E5%90%A7%E4%BA%BA%E5%9D%87%E5%8F%91%E5%9B%9E%E5%A4%8D%E8%B4%B4%E6%95%B0%E9%87%8F(%E6%9D%A1).png\" alt=\"image\" style=\"box-sizing: content-box; border-style: none; max-width: 100%; background-color: rgb(255, 255, 255);\"/></a>&nbsp;<br style=\"box-sizing: border-box;\"/></p><h3 style=\"box-sizing: border-box; margin-top: 24px; margin-bottom: 16px; font-size: 1.25em; line-height: 1.25; color: rgb(36, 41, 46); font-family: -apple-system, BlinkMacSystemFont, &quot;Segoe UI&quot;, Helvetica, Arial, sans-serif, &quot;Apple Color Emoji&quot;, &quot;Segoe UI Emoji&quot;, &quot;Segoe UI Symbol&quot;; white-space: normal;\"><a href=\"https://github.com/nickliqian/Baidu-tieba-university#5百度贴吧本科大学贴吧人均发主题数量条\" aria-hidden=\"true\" class=\"anchor\" id=\"user-content-5百度贴吧本科大学贴吧人均发主题数量条\" style=\"box-sizing: border-box; color: rgb(3, 102, 214); text-decoration-line: none; float: left; padding-right: 4px; margin-left: -20px; line-height: 1;\"></a>5.百度贴吧本科大学贴吧人均发主题数量(条)</h3><p style=\"box-sizing: border-box; margin-top: 0px; margin-bottom: 16px; color: rgb(36, 41, 46); font-family: -apple-system, BlinkMacSystemFont, &quot;Segoe UI&quot;, Helvetica, Arial, sans-serif, &quot;Apple Color Emoji&quot;, &quot;Segoe UI Emoji&quot;, &quot;Segoe UI Symbol&quot;; white-space: normal;\"><a href=\"https://github.com/nickliqian/Baidu-tieba-university/blob/master/Analysis%20Chart/%E7%99%BE%E5%BA%A6%E8%B4%B4%E5%90%A7%E6%9C%AC%E7%A7%91%E5%A4%A7%E5%AD%A6%E8%B4%B4%E5%90%A7%E4%BA%BA%E5%9D%87%E5%8F%91%E4%B8%BB%E9%A2%98%E6%95%B0%E9%87%8F(%E6%9D%A1).png\" target=\"_blank\" style=\"box-sizing: border-box; color: rgb(3, 102, 214); text-decoration-line: none;\"><img src=\"https://github.com/nickliqian/Baidu-tieba-university/raw/master/Analysis%20Chart/%E7%99%BE%E5%BA%A6%E8%B4%B4%E5%90%A7%E6%9C%AC%E7%A7%91%E5%A4%A7%E5%AD%A6%E8%B4%B4%E5%90%A7%E4%BA%BA%E5%9D%87%E5%8F%91%E4%B8%BB%E9%A2%98%E6%95%B0%E9%87%8F(%E6%9D%A1).png\" alt=\"image\" style=\"box-sizing: content-box; border-style: none; max-width: 100%; background-color: rgb(255, 255, 255);\"/></a>&nbsp;</p><p style=\"box-sizing: border-box; margin-top: 0px; margin-bottom: 16px; color: rgb(36, 41, 46); font-family: -apple-system, BlinkMacSystemFont, &quot;Segoe UI&quot;, Helvetica, Arial, sans-serif, &quot;Apple Color Emoji&quot;, &quot;Segoe UI Emoji&quot;, &quot;Segoe UI Symbol&quot;; white-space: normal;\">从人均发主题帖数量来看，最多的是福建工程学员，每个会员平均为吧里贡献了约3条主题贴。&nbsp;<br style=\"box-sizing: border-box;\"/></p><h3 style=\"box-sizing: border-box; margin-top: 24px; margin-bottom: 16px; font-size: 1.25em; line-height: 1.25; color: rgb(36, 41, 46); font-family: -apple-system, BlinkMacSystemFont, &quot;Segoe UI&quot;, Helvetica, Arial, sans-serif, &quot;Apple Color Emoji&quot;, &quot;Segoe UI Emoji&quot;, &quot;Segoe UI Symbol&quot;; white-space: normal;\"><a href=\"https://github.com/nickliqian/Baidu-tieba-university#6百度贴吧本科大学贴吧每贴平均回复数量条\" aria-hidden=\"true\" class=\"anchor\" id=\"user-content-6百度贴吧本科大学贴吧每贴平均回复数量条\" style=\"box-sizing: border-box; color: rgb(3, 102, 214); text-decoration-line: none; float: left; padding-right: 4px; margin-left: -20px; line-height: 1;\"></a>6.百度贴吧本科大学贴吧每贴平均回复数量(条)</h3><p style=\"box-sizing: border-box; margin-top: 0px; margin-bottom: 16px; color: rgb(36, 41, 46); font-family: -apple-system, BlinkMacSystemFont, &quot;Segoe UI&quot;, Helvetica, Arial, sans-serif, &quot;Apple Color Emoji&quot;, &quot;Segoe UI Emoji&quot;, &quot;Segoe UI Symbol&quot;; white-space: normal;\"><a href=\"https://github.com/nickliqian/Baidu-tieba-university/blob/master/Analysis%20Chart/%E7%99%BE%E5%BA%A6%E8%B4%B4%E5%90%A7%E6%9C%AC%E7%A7%91%E5%A4%A7%E5%AD%A6%E8%B4%B4%E5%90%A7%E6%AF%8F%E8%B4%B4%E5%B9%B3%E5%9D%87%E5%9B%9E%E5%A4%8D%E6%95%B0%E9%87%8F(%E6%9D%A1).png\" target=\"_blank\" style=\"box-sizing: border-box; color: rgb(3, 102, 214); text-decoration-line: none;\"><img src=\"https://github.com/nickliqian/Baidu-tieba-university/raw/master/Analysis%20Chart/%E7%99%BE%E5%BA%A6%E8%B4%B4%E5%90%A7%E6%9C%AC%E7%A7%91%E5%A4%A7%E5%AD%A6%E8%B4%B4%E5%90%A7%E6%AF%8F%E8%B4%B4%E5%B9%B3%E5%9D%87%E5%9B%9E%E5%A4%8D%E6%95%B0%E9%87%8F(%E6%9D%A1).png\" alt=\"image\" style=\"box-sizing: content-box; border-style: none; max-width: 100%; background-color: rgb(255, 255, 255);\"/></a>&nbsp;<br style=\"box-sizing: border-box;\"/></p><h3 style=\"box-sizing: border-box; margin-top: 24px; margin-bottom: 16px; font-size: 1.25em; line-height: 1.25; color: rgb(36, 41, 46); font-family: -apple-system, BlinkMacSystemFont, &quot;Segoe UI&quot;, Helvetica, Arial, sans-serif, &quot;Apple Color Emoji&quot;, &quot;Segoe UI Emoji&quot;, &quot;Segoe UI Symbol&quot;; white-space: normal;\"><a href=\"https://github.com/nickliqian/Baidu-tieba-university#7会员人数活跃度\" aria-hidden=\"true\" class=\"anchor\" id=\"user-content-7会员人数活跃度\" style=\"box-sizing: border-box; color: rgb(3, 102, 214); text-decoration-line: none; float: left; padding-right: 4px; margin-left: -20px; line-height: 1;\"></a>7.会员人数&amp;活跃度</h3><p style=\"box-sizing: border-box; margin-top: 0px; margin-bottom: 16px; color: rgb(36, 41, 46); font-family: -apple-system, BlinkMacSystemFont, &quot;Segoe UI&quot;, Helvetica, Arial, sans-serif, &quot;Apple Color Emoji&quot;, &quot;Segoe UI Emoji&quot;, &quot;Segoe UI Symbol&quot;; white-space: normal;\"><a href=\"https://github.com/nickliqian/Baidu-tieba-university/blob/master/Analysis%20Chart/%E4%BC%9A%E5%91%98%E4%BA%BA%E6%95%B0&%E6%B4%BB%E8%B7%83%E5%BA%A6.png\" target=\"_blank\" style=\"box-sizing: border-box; color: rgb(3, 102, 214); text-decoration-line: none;\"><img src=\"https://github.com/nickliqian/Baidu-tieba-university/raw/master/Analysis%20Chart/%E4%BC%9A%E5%91%98%E4%BA%BA%E6%95%B0&%E6%B4%BB%E8%B7%83%E5%BA%A6.png\" alt=\"image\" style=\"box-sizing: content-box; border-style: none; max-width: 100%; background-color: rgb(255, 255, 255);\"/></a>关于会员人数与发帖&amp;回复积极性的关系，三峡大学会员数量太多，几乎快是第二名两倍，我们排除三峡大学这个个例重新作图。</p><h3 style=\"box-sizing: border-box; margin-top: 24px; margin-bottom: 16px; font-size: 1.25em; line-height: 1.25; color: rgb(36, 41, 46); font-family: -apple-system, BlinkMacSystemFont, &quot;Segoe UI&quot;, Helvetica, Arial, sans-serif, &quot;Apple Color Emoji&quot;, &quot;Segoe UI Emoji&quot;, &quot;Segoe UI Symbol&quot;; white-space: normal;\"><a href=\"https://github.com/nickliqian/Baidu-tieba-university#8会员人数活跃度排除最大值三峡大学\" aria-hidden=\"true\" class=\"anchor\" id=\"user-content-8会员人数活跃度排除最大值三峡大学\" style=\"box-sizing: border-box; color: rgb(3, 102, 214); text-decoration-line: none; float: left; padding-right: 4px; margin-left: -20px; line-height: 1;\"></a>8.会员人数&amp;活跃度(排除最大值三峡大学)</h3><p style=\"box-sizing: border-box; margin-top: 0px; margin-bottom: 16px; color: rgb(36, 41, 46); font-family: -apple-system, BlinkMacSystemFont, &quot;Segoe UI&quot;, Helvetica, Arial, sans-serif, &quot;Apple Color Emoji&quot;, &quot;Segoe UI Emoji&quot;, &quot;Segoe UI Symbol&quot;; white-space: normal;\"><a href=\"https://github.com/nickliqian/Baidu-tieba-university/blob/master/Analysis%20Chart/%E4%BC%9A%E5%91%98%E4%BA%BA%E6%95%B0&%E6%B4%BB%E8%B7%83%E5%BA%A6(%E6%8E%92%E9%99%A4%E6%9C%80%E5%A4%A7%E5%80%BC%E4%B8%89%E5%B3%A1%E5%A4%A7%E5%AD%A6).png\" target=\"_blank\" style=\"box-sizing: border-box; color: rgb(3, 102, 214); text-decoration-line: none;\"><img src=\"https://github.com/nickliqian/Baidu-tieba-university/raw/master/Analysis%20Chart/%E4%BC%9A%E5%91%98%E4%BA%BA%E6%95%B0&%E6%B4%BB%E8%B7%83%E5%BA%A6(%E6%8E%92%E9%99%A4%E6%9C%80%E5%A4%A7%E5%80%BC%E4%B8%89%E5%B3%A1%E5%A4%A7%E5%AD%A6).png\" alt=\"image\" style=\"box-sizing: content-box; border-style: none; max-width: 100%; background-color: rgb(255, 255, 255);\"/></a>总的趋势是：&nbsp;<br style=\"box-sizing: border-box;\"/>1.主题帖/回复贴与会员人数成正比（除了北大清华三峡，会员众多，但很少发言）。&nbsp;<br style=\"box-sizing: border-box;\"/>2.人均发主题数量趋势较平稳，在0.5~1.5之间，中间段趋近于1（可以说具有一人一贴的特点，说明大部分人是有一定的需求（咨询，交流）后加入的贴吧）。&nbsp;<br style=\"box-sizing: border-box;\"/>3.人均回复贴数量集中在35条。&nbsp;<br style=\"box-sizing: border-box;\"/>4.每贴平均回复数量在会员人数超过5W后，曲线较为平稳，均值为每个主题帖约有27条回复（会员人数达到一定规模后，建立起社区生态）。&nbsp;<br style=\"box-sizing: border-box;\"/></p><h3 style=\"box-sizing: border-box; margin-top: 24px; margin-bottom: 16px; font-size: 1.25em; line-height: 1.25; color: rgb(36, 41, 46); font-family: -apple-system, BlinkMacSystemFont, &quot;Segoe UI&quot;, Helvetica, Arial, sans-serif, &quot;Apple Color Emoji&quot;, &quot;Segoe UI Emoji&quot;, &quot;Segoe UI Symbol&quot;; white-space: normal;\"><a href=\"https://github.com/nickliqian/Baidu-tieba-university#9会员人数与发言情况的散点图\" aria-hidden=\"true\" class=\"anchor\" id=\"user-content-9会员人数与发言情况的散点图\" style=\"box-sizing: border-box; color: rgb(3, 102, 214); text-decoration-line: none; float: left; padding-right: 4px; margin-left: -20px; line-height: 1;\"></a>9.会员人数与发言情况的散点图</h3><p style=\"box-sizing: border-box; margin-top: 0px; margin-bottom: 16px; color: rgb(36, 41, 46); font-family: -apple-system, BlinkMacSystemFont, &quot;Segoe UI&quot;, Helvetica, Arial, sans-serif, &quot;Apple Color Emoji&quot;, &quot;Segoe UI Emoji&quot;, &quot;Segoe UI Symbol&quot;; white-space: normal;\"><a href=\"https://github.com/nickliqian/Baidu-tieba-university/blob/master/Analysis%20Chart/%E4%BC%9A%E5%91%98%E4%BA%BA%E6%95%B0%E4%B8%8E%E5%8F%91%E8%A8%80%E6%83%85%E5%86%B5%E7%9A%84%E6%95%A3%E7%82%B9%E5%9B%BE.png\" target=\"_blank\" style=\"box-sizing: border-box; color: rgb(3, 102, 214); text-decoration-line: none;\"><img src=\"https://github.com/nickliqian/Baidu-tieba-university/raw/master/Analysis%20Chart/%E4%BC%9A%E5%91%98%E4%BA%BA%E6%95%B0%E4%B8%8E%E5%8F%91%E8%A8%80%E6%83%85%E5%86%B5%E7%9A%84%E6%95%A3%E7%82%B9%E5%9B%BE.png\" alt=\"image\" style=\"box-sizing: content-box; border-style: none; max-width: 100%; background-color: rgb(255, 255, 255);\"/></a><br style=\"box-sizing: border-box;\"/></p><h3 style=\"box-sizing: border-box; margin-top: 24px; margin-bottom: 16px; font-size: 1.25em; line-height: 1.25; color: rgb(36, 41, 46); font-family: -apple-system, BlinkMacSystemFont, &quot;Segoe UI&quot;, Helvetica, Arial, sans-serif, &quot;Apple Color Emoji&quot;, &quot;Segoe UI Emoji&quot;, &quot;Segoe UI Symbol&quot;; white-space: normal;\"><a href=\"https://github.com/nickliqian/Baidu-tieba-university#10主题吸引程度的散点图\" aria-hidden=\"true\" class=\"anchor\" id=\"user-content-10主题吸引程度的散点图\" style=\"box-sizing: border-box; color: rgb(3, 102, 214); text-decoration-line: none; float: left; padding-right: 4px; margin-left: -20px; line-height: 1;\"></a>10.主题吸引程度的散点图</h3><p style=\"box-sizing: border-box; margin-top: 0px; color: rgb(36, 41, 46); font-family: -apple-system, BlinkMacSystemFont, &quot;Segoe UI&quot;, Helvetica, Arial, sans-serif, &quot;Apple Color Emoji&quot;, &quot;Segoe UI Emoji&quot;, &quot;Segoe UI Symbol&quot;; white-space: normal; margin-bottom: 0px !important;\"><a href=\"https://github.com/nickliqian/Baidu-tieba-university/blob/master/Analysis%20Chart/%E4%B8%BB%E9%A2%98%E5%90%B8%E5%BC%95%E7%A8%8B%E5%BA%A6%E7%9A%84%E6%95%A3%E7%82%B9%E5%9B%BE.png\" target=\"_blank\" style=\"box-sizing: border-box; color: rgb(3, 102, 214); text-decoration-line: none;\"><img src=\"https://github.com/nickliqian/Baidu-tieba-university/raw/master/Analysis%20Chart/%E4%B8%BB%E9%A2%98%E5%90%B8%E5%BC%95%E7%A8%8B%E5%BA%A6%E7%9A%84%E6%95%A3%E7%82%B9%E5%9B%BE.png\" alt=\"image\" style=\"box-sizing: content-box; border-style: none; max-width: 100%; background-color: rgb(255, 255, 255);\"/></a>随着会员人均发主题帖数的增长，每个帖子的回复数是增长的，在人均发帖数达到1的时候，每个帖子回复数开始下降（水贴太多，不想回复）。</p><p><br/></p>','no mark','2017-10-01 04:40:56.775310','2017-10-07 06:36:05.370653',0,2,'项目采集各个普通本科大学贴吧的会员总数/发帖总数/回复总数/帖子标题/发帖时间。 思路：先从教育类网站获取本科大学名称，约1200个。 考虑到并不是所有大学贴吧都开放，依次以大学名称为关键词向百度贴吧发出请求，并设定条件验证大学贴吧是否建立，排除未建立的贴吧 整理后的贴吧数量约1000个，依次发出，并从响应中提取会员总数/发帖总数/回复总数等信息，写入本地数据库。 同时，提取每个贴吧前五页的帖子标');
/*!40000 ALTER TABLE `project_tproject` ENABLE KEYS */;
UNLOCK TABLES;

--
-- Table structure for table `project_tproject_project_tagname`
--

DROP TABLE IF EXISTS `project_tproject_project_tagname`;
/*!40101 SET @saved_cs_client     = @@character_set_client */;
/*!40101 SET character_set_client = utf8 */;
CREATE TABLE `project_tproject_project_tagname` (
  `id` int(11) NOT NULL AUTO_INCREMENT,
  `tproject_id` int(11) NOT NULL,
  `projecttagtype_id` int(11) NOT NULL,
  PRIMARY KEY (`id`),
  UNIQUE KEY `tproject_id` (`tproject_id`,`projecttagtype_id`),
  KEY `projecttagtype_id_58ee7ff2dfdfd4ce_fk_project_projecttagtype_id` (`projecttagtype_id`),
  CONSTRAINT `project_tpro_tproject_id_1e3a50518cd858ce_fk_project_tproject_id` FOREIGN KEY (`tproject_id`) REFERENCES `project_tproject` (`id`),
  CONSTRAINT `projecttagtype_id_58ee7ff2dfdfd4ce_fk_project_projecttagtype_id` FOREIGN KEY (`projecttagtype_id`) REFERENCES `project_projecttagtype` (`id`)
) ENGINE=InnoDB AUTO_INCREMENT=24 DEFAULT CHARSET=utf8mb4;
/*!40101 SET character_set_client = @saved_cs_client */;

--
-- Dumping data for table `project_tproject_project_tagname`
--

LOCK TABLES `project_tproject_project_tagname` WRITE;
/*!40000 ALTER TABLE `project_tproject_project_tagname` DISABLE KEYS */;
INSERT INTO `project_tproject_project_tagname` VALUES (21,1,1),(22,1,2),(20,2,3),(19,3,4),(23,4,4);
/*!40000 ALTER TABLE `project_tproject_project_tagname` ENABLE KEYS */;
UNLOCK TABLES;

--
-- Table structure for table `spider_databasetype`
--

DROP TABLE IF EXISTS `spider_databasetype`;
/*!40101 SET @saved_cs_client     = @@character_set_client */;
/*!40101 SET character_set_client = utf8 */;
CREATE TABLE `spider_databasetype` (
  `id` int(11) NOT NULL AUTO_INCREMENT,
  `DBname` varchar(50) NOT NULL,
  `isDelete` tinyint(1) NOT NULL,
  PRIMARY KEY (`id`)
) ENGINE=InnoDB AUTO_INCREMENT=7 DEFAULT CHARSET=utf8mb4;
/*!40101 SET character_set_client = @saved_cs_client */;

--
-- Dumping data for table `spider_databasetype`
--

LOCK TABLES `spider_databasetype` WRITE;
/*!40000 ALTER TABLE `spider_databasetype` DISABLE KEYS */;
INSERT INTO `spider_databasetype` VALUES (1,'Redis',0),(2,'MySQL',0),(3,'MongoDB',0),(4,'csv',0),(5,'json',0),(6,'txt',0);
/*!40000 ALTER TABLE `spider_databasetype` ENABLE KEYS */;
UNLOCK TABLES;

--
-- Table structure for table `spider_message`
--

DROP TABLE IF EXISTS `spider_message`;
/*!40101 SET @saved_cs_client     = @@character_set_client */;
/*!40101 SET character_set_client = utf8 */;
CREATE TABLE `spider_message` (
  `id` int(11) NOT NULL AUTO_INCREMENT,
  `action_time` varchar(200) DEFAULT NULL,
  `content` varchar(200) DEFAULT NULL,
  `user` varchar(100) DEFAULT NULL,
  `spider_id` int(11) DEFAULT NULL,
  PRIMARY KEY (`id`)
) ENGINE=InnoDB AUTO_INCREMENT=55 DEFAULT CHARSET=utf8mb4;
/*!40101 SET character_set_client = @saved_cs_client */;

--
-- Dumping data for table `spider_message`
--

LOCK TABLES `spider_message` WRITE;
/*!40000 ALTER TABLE `spider_message` DISABLE KEYS */;
INSERT INTO `spider_message` VALUES (1,'20171009_083601','爬虫启动成功','admin',5),(2,'2017-10-09_08:42:49','启动爬虫失败：没有足够的权限','admin',1),(3,'2017-10-09 08:53:07','启动爬虫失败：没有足够的权限','admin',4),(4,'2017-10-09 08:53:36','爬虫启动成功, 无自定义参数：','admin',6),(5,'2017-10-09 08:53:39','手动停止爬虫','admin',6),(6,'2017-10-09 08:53:40','爬虫运行结束并退出','admin',6),(7,'2017-10-09 08:54:11','爬虫启动成功, 参数为：(u\'\\u96f6\\u98df\', u\'100\')','admin',6),(8,'2017-10-09 08:54:41','爬虫运行结束并退出','admin',6),(9,'2017-10-09 08:56:27','启动爬虫失败：没有足够的权限','admin',1),(10,'2017-10-09 08:56:46','爬虫运行结束并退出','admin',6),(11,'2017-10-09 08:57:47','爬虫运行结束并退出','admin',6),(12,'2017-10-09 08:59:15','爬虫启动成功, 参数为：零食 10','admin',6),(13,'2017-10-09 09:02:21','爬虫启动成功, 参数为：<b>零食 10</b>','admin',6),(14,'2017-10-09 09:02:25','爬虫运行结束并退出','admin',6),(15,'2017-10-09 09:03:37','爬虫运行结束并退出','admin',6),(16,'2017-10-09 09:05:05','爬虫运行结束并退出','admin',6),(17,'2017-10-09 09:05:15','爬虫运行结束并退出','admin',6),(18,'2017-10-09 09:05:39','爬虫运行结束并退出','admin',6),(19,'2017-10-09 09:29:19','爬虫运行结束并退出','admin',6),(20,'2017-10-09 09:31:40','爬虫运行结束并退出','admin',6),(21,'2017-10-09 09:31:52','爬虫运行结束并退出','admin',6),(22,'2017-10-09 09:33:11','爬虫运行结束并退出','admin',6),(23,'2017-10-09 10:09:15','启动爬虫失败：没有足够的权限','admin',1),(24,'2017-10-09 10:09:28','爬虫运行结束并退出','admin',6),(25,'2017-10-09 10:46:44','爬虫运行结束并退出','admin',6),(26,'2017-10-10 04:17:36','爬虫运行结束并退出','admin',6),(27,'2017-10-10 04:17:43','爬虫启动成功, 无自定义参数：','admin',6),(28,'2017-10-10 04:17:51','爬虫运行结束并退出','admin',6),(29,'2017-10-10 04:17:55','爬虫运行结束并退出','admin',6),(30,'2017-10-10 04:18:06','爬虫启动成功, 无自定义参数：','admin',6),(31,'2017-10-10 04:18:15','爬虫运行结束并退出','admin',6),(32,'2017-10-10 04:27:36','(\'\\xe4\\xb8\\x8b\\xe8\\xbd\\xbd\\xe6\\x96\\x87\\xe4\\xbb\\xb6\\xef\\xbc\\x9a\', u\'BaiduNwes.log\')','admin',6),(33,'2017-10-10 04:29:02','(\'\\xe4\\xb8\\x8b\\xe8\\xbd\\xbd\\xe6\\x96\\x87\\xe4\\xbb\\xb6\\xef\\xbc\\x9a\', u\'BaiduNwes20171009_071530.csv\')','admin',6),(34,'2017-10-10 04:29:11','(\'\\xe4\\xb8\\x8b\\xe8\\xbd\\xbd\\xe6\\x96\\x87\\xe4\\xbb\\xb6\\xef\\xbc\\x9a\', u\'BaiduNwes20171010_041806.csv\')','admin',6),(35,'2017-10-10 04:29:53','下载文件：BaiduNwes20171009_071646.csv','admin',6),(36,'2017-10-10 06:24:04','爬虫运行结束并退出','admin',5),(37,'2017-10-10 06:30:13','爬虫运行结束并退出','admin',5),(38,'2017-10-10 06:30:58','爬虫运行结束并退出','admin',5),(39,'2017-10-10 06:31:01','爬虫运行结束并退出','admin',5),(40,'2017-10-10 06:31:05','爬虫运行结束并退出','admin',5),(41,'2017-10-10 06:31:17','爬虫启动成功, 无自定义参数：','admin',6),(42,'2017-10-10 06:31:32','爬虫运行结束并退出','admin',6),(43,'2017-10-10 06:31:42','爬虫启动成功, 无自定义参数：','admin',5),(44,'2017-10-10 06:32:41','爬虫运行结束并退出','admin',5),(45,'2017-10-10 06:33:00','爬虫启动成功, 无自定义参数：','admin',6),(46,'2017-10-10 06:33:07','爬虫运行结束并退出','admin',6),(47,'2017-10-10 06:33:49','爬虫启动成功, 无自定义参数：','admin',6),(48,'2017-10-10 06:33:59','爬虫运行结束并退出','admin',6),(49,'2017-10-10 07:24:15','爬虫启动成功, 无自定义参数：','admin',6),(50,'2017-10-10 07:24:24','爬虫运行结束并退出','admin',6),(51,'2017-10-10 07:24:50','爬虫启动成功, 参数为：<b>零食 100</b>','admin',6),(52,'2017-10-10 07:25:55','爬虫运行结束并退出','admin',6),(53,'2017-10-10 07:27:55','爬虫运行结束并退出','admin',6),(54,'2017-10-10 07:28:10','爬虫运行结束并退出','admin',6);
/*!40000 ALTER TABLE `spider_message` ENABLE KEYS */;
UNLOCK TABLES;

--
-- Table structure for table `spider_spider`
--

DROP TABLE IF EXISTS `spider_spider`;
/*!40101 SET @saved_cs_client     = @@character_set_client */;
/*!40101 SET character_set_client = utf8 */;
CREATE TABLE `spider_spider` (
  `id` int(11) NOT NULL AUTO_INCREMENT,
  `spider_name` varchar(50) NOT NULL,
  `spider_content` varchar(200) NOT NULL,
  `spider_url` varchar(200) NOT NULL,
  `spider_request_count` int(11) NOT NULL,
  `spider_download_count` int(11) NOT NULL,
  `spider_info_count` int(11) NOT NULL,
  `database_name` varchar(50),
  `database_sheetname` varchar(50),
  `spider_runing` tinyint(1) NOT NULL,
  `spider_runfunction` varchar(50),
  `spider_runavg` varchar(100),
  `spider_mark` varchar(200) NOT NULL,
  `isDelete` tinyint(1) NOT NULL,
  `database_type_id` int(11) DEFAULT NULL,
  `spider_pic` varchar(100) DEFAULT './bg1.png',
  `spider_error_count` int(11) DEFAULT NULL,
  PRIMARY KEY (`id`),
  KEY `spid_database_type_id_1c2468d47f11b3f1_fk_spider_databasetype_id` (`database_type_id`),
  CONSTRAINT `spid_database_type_id_1c2468d47f11b3f1_fk_spider_databasetype_id` FOREIGN KEY (`database_type_id`) REFERENCES `spider_databasetype` (`id`)
) ENGINE=InnoDB AUTO_INCREMENT=7 DEFAULT CHARSET=utf8mb4;
/*!40101 SET character_set_client = @saved_cs_client */;

--
-- Dumping data for table `spider_spider`
--

LOCK TABLES `spider_spider` WRITE;
/*!40000 ALTER TABLE `spider_spider` DISABLE KEYS */;
INSERT INTO `spider_spider` VALUES (1,'拉勾网','采集职位信息和面试人员评价数据。','url',768,456,5657,'no info','no info',0,'no info','职位关键词+地区','需要输入参数 职位关键词+地区 例如：[python] [深圳]',0,2,'./lagou.jpg',221),(2,'腾讯招聘','采集腾讯招聘职位信息。','url',500,400,3000,'no info','no info',0,'no info','无','无需设定参数',0,5,'./tenxunhr.jpg',124),(3,'当当网','按关键词采集图书信息。','url',222,111,555,'no info','no info',0,'no info','无','无需输入参数即可采集。',0,1,'./dangdang.jpg',89),(4,'淘宝网','采集淘宝的商品信息和评论。','www.taobao.com',345,432,3560,'no info','no info',0,'no info','商品名称 + 页数','参数为 商品名称 + 页数',0,2,'./taobao.jpg',23),(5,'高考教育网','采集某教育站点全国普通本科的大学信息。','http://gkcx.eol.cn/',152,152,4434,'no info','Get_university_list',0,'Get_university_list','无','直接运行即可开始采集获得全国普通本科大学目录。',0,5,'./mtop-logo_qz2n9mR.png',2),(6,'百度新闻','根据关键词将新闻数据整理为本地表格。','url',224,218,2030,'no info','no info',0,'BaiduNwes','关键词 条数','输入关键词和需要整理的条数，即可以将新闻数据保存到本地csv。例如：舒肤佳 50',0,4,'./baidunews.jpg',12);
/*!40000 ALTER TABLE `spider_spider` ENABLE KEYS */;
UNLOCK TABLES;
/*!40103 SET TIME_ZONE=@OLD_TIME_ZONE */;

/*!40101 SET SQL_MODE=@OLD_SQL_MODE */;
/*!40014 SET FOREIGN_KEY_CHECKS=@OLD_FOREIGN_KEY_CHECKS */;
/*!40014 SET UNIQUE_CHECKS=@OLD_UNIQUE_CHECKS */;
/*!40101 SET CHARACTER_SET_CLIENT=@OLD_CHARACTER_SET_CLIENT */;
/*!40101 SET CHARACTER_SET_RESULTS=@OLD_CHARACTER_SET_RESULTS */;
/*!40101 SET COLLATION_CONNECTION=@OLD_COLLATION_CONNECTION */;
/*!40111 SET SQL_NOTES=@OLD_SQL_NOTES */;

-- Dump completed on 2017-10-10 15:43:57
